{"displayFieldName":"","fieldAliases":{"OBJECTID":"OBJECTID","GEO_ID":"GEO_ID","BUILDING_ID":"BUILDING_ID","FLOOR_ID":"FLOOR_ID","POI_ID":"POI_ID","NAME":"NAME","CATEGORY_ID":"CATEGORY_ID","COLOR":"COLOR","FLOOR_INDEX":"FLOOR_INDEX","FLOOR_NAME":"FLOOR_NAME"},"geometryType":"esriGeometryPoint","spatialReference":{"wkid":3395,"latestWkid":3395},"fields":[{"name":"OBJECTID","type":"esriFieldTypeOID","alias":"OBJECTID"},{"name":"GEO_ID","type":"esriFieldTypeString","alias":"GEO_ID","length":50},{"name":"BUILDING_ID","type":"esriFieldTypeString","alias":"BUILDING_ID","length":50},{"name":"FLOOR_ID","type":"esriFieldTypeString","alias":"FLOOR_ID","length":50},{"name":"POI_ID","type":"esriFieldTypeString","alias":"POI_ID","length":50},{"name":"NAME","type":"esriFieldTypeString","alias":"NAME","length":50},{"name":"CATEGORY_ID","type":"esriFieldTypeSmallInteger","alias":"CATEGORY_ID"},{"name":"COLOR","type":"esriFieldTypeSmallInteger","alias":"COLOR"},{"name":"FLOOR_INDEX","type":"esriFieldTypeSmallInteger","alias":"FLOOR_INDEX"},{"name":"FLOOR_NAME","type":"esriFieldTypeString","alias":"FLOOR_NAME","length":50}],"features":[{"attributes":{"OBJECTID":152,"GEO_ID":"H85200001F0730041","BUILDING_ID":"H85200001","FLOOR_ID":"H85200001F07","POI_ID":"H85200001F0730041","NAME":"奥新银行ATM","CATEGORY_ID":25020,"COLOR":25020,"FLOOR_INDEX":7,"FLOOR_NAME":"F7"},"geometry":{"x":1851.042199999094,"y":489.84829999879003}},{"attributes":{"OBJECTID":153,"GEO_ID":"H85200001F0730030","BUILDING_ID":"H85200001","FLOOR_ID":"H85200001F07","POI_ID":"H85200001F0730030","NAME":"卫生间","CATEGORY_ID":25118,"COLOR":25118,"FLOOR_INDEX":7,"FLOOR_NAME":"F7"},"geometry":{"x":1843.1132000014186,"y":485.50319999828935}},{"attributes":{"OBJECTID":154,"GEO_ID":"H85200001F0730031","BUILDING_ID":"H85200001","FLOOR_ID":"H85200001F07","POI_ID":"H85200001F0730031","NAME":"卫生间","CATEGORY_ID":25118,"COLOR":25118,"FLOOR_INDEX":7,"FLOOR_NAME":"F7"},"geometry":{"x":1841.5841999985278,"y":367.75019999966025}},{"attributes":{"OBJECTID":155,"GEO_ID":"H85200001F0730038","BUILDING_ID":"H85200001","FLOOR_ID":"H85200001F07","POI_ID":"H85200001F0730038","NAME":"问讯处","CATEGORY_ID":25065,"COLOR":25065,"FLOOR_INDEX":7,"FLOOR_NAME":"F7"},"geometry":{"x":1948.772199999541,"y":540.28429999947548}},{"attributes":{"OBJECTID":156,"GEO_ID":"H85200001F0730026","BUILDING_ID":"H85200001","FLOOR_ID":"H85200001F07","POI_ID":"H85200001F0730026","NAME":"楼梯","CATEGORY_ID":25134,"COLOR":25134,"FLOOR_INDEX":7,"FLOOR_NAME":"F7"},"geometry":{"x":1848.7261999994516,"y":503.15129999816418}},{"attributes":{"OBJECTID":157,"GEO_ID":"H85200001F0730027","BUILDING_ID":"H85200001","FLOOR_ID":"H85200001F07","POI_ID":"H85200001F0730027","NAME":"楼梯","CATEGORY_ID":25134,"COLOR":25134,"FLOOR_INDEX":7,"FLOOR_NAME":"F7"},"geometry":{"x":1848.5232000015676,"y":528.05119999870658}},{"attributes":{"OBJECTID":158,"GEO_ID":"H85200001F0730001","BUILDING_ID":"H85200001","FLOOR_ID":"H85200001F07","POI_ID":"H85200001F0730001","NAME":"电梯","CATEGORY_ID":25136,"COLOR":25136,"FLOOR_INDEX":7,"FLOOR_NAME":"F7"},"geometry":{"x":1845.3302000015974,"y":520.43129999935627}},{"attributes":{"OBJECTID":159,"GEO_ID":"H85200001F0730002","BUILDING_ID":"H85200001","FLOOR_ID":"H85200001F07","POI_ID":"H85200001F0730002","NAME":"电梯","CATEGORY_ID":25136,"COLOR":25136,"FLOOR_INDEX":7,"FLOOR_NAME":"F7"},"geometry":{"x":1841.5762000009418,"y":520.31929999962449}},{"attributes":{"OBJECTID":160,"GEO_ID":"H85200001F0730028","BUILDING_ID":"H85200001","FLOOR_ID":"H85200001F07","POI_ID":"H85200001F0730028","NAME":"楼梯","CATEGORY_ID":25134,"COLOR":25134,"FLOOR_INDEX":7,"FLOOR_NAME":"F7"},"geometry":{"x":1849.5701999999583,"y":577.11620000004768}},{"attributes":{"OBJECTID":161,"GEO_ID":"H85200001F0730029","BUILDING_ID":"H85200001","FLOOR_ID":"H85200001F07","POI_ID":"H85200001F0730029","NAME":"楼梯","CATEGORY_ID":25134,"COLOR":25134,"FLOOR_INDEX":7,"FLOOR_NAME":"F7"},"geometry":{"x":1848.4501999989152,"y":552.43519999831915}},{"attributes":{"OBJECTID":162,"GEO_ID":"H85200001F0730003","BUILDING_ID":"H85200001","FLOOR_ID":"H85200001F07","POI_ID":"H85200001F0730003","NAME":"电梯","CATEGORY_ID":25136,"COLOR":25136,"FLOOR_INDEX":7,"FLOOR_NAME":"F7"},"geometry":{"x":1841.8302000015974,"y":559.87229999899864}},{"attributes":{"OBJECTID":163,"GEO_ID":"H85200001F0730004","BUILDING_ID":"H85200001","FLOOR_ID":"H85200001F07","POI_ID":"H85200001F0730004","NAME":"电梯","CATEGORY_ID":25136,"COLOR":25136,"FLOOR_INDEX":7,"FLOOR_NAME":"F7"},"geometry":{"x":1845.8731999993324,"y":559.83130000159144}},{"attributes":{"OBJECTID":164,"GEO_ID":"H85200001F0730017","BUILDING_ID":"H85200001","FLOOR_ID":"H85200001F07","POI_ID":"H85200001F0730017","NAME":"扶梯","CATEGORY_ID":25135,"COLOR":25135,"FLOOR_INDEX":7,"FLOOR_NAME":"F7"},"geometry":{"x":1843.237199999392,"y":539.99219999834895}},{"attributes":{"OBJECTID":165,"GEO_ID":"H85200001F0730005","BUILDING_ID":"H85200001","FLOOR_ID":"H85200001F07","POI_ID":"H85200001F0730005","NAME":"电梯","CATEGORY_ID":25136,"COLOR":25136,"FLOOR_INDEX":7,"FLOOR_NAME":"F7"},"geometry":{"x":1839.0351999998093,"y":543.91420000046492}},{"attributes":{"OBJECTID":166,"GEO_ID":"H85200001F0730006","BUILDING_ID":"H85200001","FLOOR_ID":"H85200001F07","POI_ID":"H85200001F0730006","NAME":"电梯","CATEGORY_ID":25136,"COLOR":25136,"FLOOR_INDEX":7,"FLOOR_NAME":"F7"},"geometry":{"x":1839.0351999998093,"y":536.63019999861717}},{"attributes":{"OBJECTID":167,"GEO_ID":"H85200001F0730032","BUILDING_ID":"H85200001","FLOOR_ID":"H85200001F07","POI_ID":"H85200001F0730032","NAME":"卫生间","CATEGORY_ID":25118,"COLOR":25118,"FLOOR_INDEX":7,"FLOOR_NAME":"F7"},"geometry":{"x":1839.7302000001073,"y":595.07129999995232}},{"attributes":{"OBJECTID":168,"GEO_ID":"H85200001F0730042","BUILDING_ID":"H85200001","FLOOR_ID":"H85200001F07","POI_ID":"H85200001F0730042","NAME":"汇丰银行ATM","CATEGORY_ID":25020,"COLOR":25020,"FLOOR_INDEX":7,"FLOOR_NAME":"F7"},"geometry":{"x":1850.8801999986172,"y":590.56129999831319}},{"attributes":{"OBJECTID":169,"GEO_ID":"H85200001F0730033","BUILDING_ID":"H85200001","FLOOR_ID":"H85200001F07","POI_ID":"H85200001F0730033","NAME":"卫生间","CATEGORY_ID":25118,"COLOR":25118,"FLOOR_INDEX":7,"FLOOR_NAME":"F7"},"geometry":{"x":1840.6052000001073,"y":712.84019999951124}},{"attributes":{"OBJECTID":170,"GEO_ID":"H85200001F0730034","BUILDING_ID":"H85200001","FLOOR_ID":"H85200001F07","POI_ID":"H85200001F0730034","NAME":"卫生间","CATEGORY_ID":25118,"COLOR":25118,"FLOOR_INDEX":7,"FLOOR_NAME":"F7"},"geometry":{"x":1732.6711999997497,"y":474.55719999969006}},{"attributes":{"OBJECTID":171,"GEO_ID":"H85200001F0730018","BUILDING_ID":"H85200001","FLOOR_ID":"H85200001F07","POI_ID":"H85200001F0730018","NAME":"扶梯","CATEGORY_ID":25135,"COLOR":25135,"FLOOR_INDEX":7,"FLOOR_NAME":"F7"},"geometry":{"x":1785.7241999991238,"y":430.41829999908805}},{"attributes":{"OBJECTID":172,"GEO_ID":"H85200001F0730007","BUILDING_ID":"H85200001","FLOOR_ID":"H85200001F07","POI_ID":"H85200001F0730007","NAME":"电梯","CATEGORY_ID":25136,"COLOR":25136,"FLOOR_INDEX":7,"FLOOR_NAME":"F7"},"geometry":{"x":1800.5362000018358,"y":447.63729999959469}},{"attributes":{"OBJECTID":173,"GEO_ID":"H85200001F0730008","BUILDING_ID":"H85200001","FLOOR_ID":"H85200001F07","POI_ID":"H85200001F0730008","NAME":"电梯","CATEGORY_ID":25136,"COLOR":25136,"FLOOR_INDEX":7,"FLOOR_NAME":"F7"},"geometry":{"x":1796.3011999987066,"y":447.63729999959469}},{"attributes":{"OBJECTID":174,"GEO_ID":"H85200001F0730019","BUILDING_ID":"H85200001","FLOOR_ID":"H85200001F07","POI_ID":"H85200001F0730019","NAME":"扶梯","CATEGORY_ID":25135,"COLOR":25135,"FLOOR_INDEX":7,"FLOOR_NAME":"F7"},"geometry":{"x":1723.3431999981403,"y":522.3462999984622}},{"attributes":{"OBJECTID":175,"GEO_ID":"H85200001F0730020","BUILDING_ID":"H85200001","FLOOR_ID":"H85200001F07","POI_ID":"H85200001F0730020","NAME":"扶梯","CATEGORY_ID":25135,"COLOR":25135,"FLOOR_INDEX":7,"FLOOR_NAME":"F7"},"geometry":{"x":1723.3251999989152,"y":558.08419999852777}},{"attributes":{"OBJECTID":176,"GEO_ID":"H85200001F0730035","BUILDING_ID":"H85200001","FLOOR_ID":"H85200001F07","POI_ID":"H85200001F0730035","NAME":"卫生间","CATEGORY_ID":25118,"COLOR":25118,"FLOOR_INDEX":7,"FLOOR_NAME":"F7"},"geometry":{"x":1796.8311999998987,"y":527.82330000028014}},{"attributes":{"OBJECTID":177,"GEO_ID":"H85200001F0730021","BUILDING_ID":"H85200001","FLOOR_ID":"H85200001F07","POI_ID":"H85200001F0730021","NAME":"扶梯","CATEGORY_ID":25135,"COLOR":25135,"FLOOR_INDEX":7,"FLOOR_NAME":"F7"},"geometry":{"x":1777.1911999993026,"y":540.22619999945164}},{"attributes":{"OBJECTID":178,"GEO_ID":"H85200001F0730036","BUILDING_ID":"H85200001","FLOOR_ID":"H85200001F07","POI_ID":"H85200001F0730036","NAME":"卫生间","CATEGORY_ID":25118,"COLOR":25118,"FLOOR_INDEX":7,"FLOOR_NAME":"F7"},"geometry":{"x":1732.0982000008225,"y":607.79129999876022}},{"attributes":{"OBJECTID":179,"GEO_ID":"H85200001F0730009","BUILDING_ID":"H85200001","FLOOR_ID":"H85200001F07","POI_ID":"H85200001F0730009","NAME":"电梯","CATEGORY_ID":25136,"COLOR":25136,"FLOOR_INDEX":7,"FLOOR_NAME":"F7"},"geometry":{"x":1796.2542000003159,"y":632.66820000112057}},{"attributes":{"OBJECTID":180,"GEO_ID":"H85200001F0730010","BUILDING_ID":"H85200001","FLOOR_ID":"H85200001F07","POI_ID":"H85200001F0730010","NAME":"电梯","CATEGORY_ID":25136,"COLOR":25136,"FLOOR_INDEX":7,"FLOOR_NAME":"F7"},"geometry":{"x":1800.569200001657,"y":632.6123000010848}},{"attributes":{"OBJECTID":181,"GEO_ID":"H85200001F0730011","BUILDING_ID":"H85200001","FLOOR_ID":"H85200001F07","POI_ID":"H85200001F0730011","NAME":"电梯","CATEGORY_ID":25136,"COLOR":25136,"FLOOR_INDEX":7,"FLOOR_NAME":"F7"},"geometry":{"x":1794.7131999991834,"y":521.22520000115037}},{"attributes":{"OBJECTID":182,"GEO_ID":"H85200001F0730012","BUILDING_ID":"H85200001","FLOOR_ID":"H85200001F07","POI_ID":"H85200001F0730012","NAME":"电梯","CATEGORY_ID":25136,"COLOR":25136,"FLOOR_INDEX":7,"FLOOR_NAME":"F7"},"geometry":{"x":1797.8891999982297,"y":521.22520000115037}},{"attributes":{"OBJECTID":183,"GEO_ID":"H85200001F0730013","BUILDING_ID":"H85200001","FLOOR_ID":"H85200001F07","POI_ID":"H85200001F0730013","NAME":"电梯","CATEGORY_ID":25136,"COLOR":25136,"FLOOR_INDEX":7,"FLOOR_NAME":"F7"},"geometry":{"x":1800.8011999987066,"y":521.22520000115037}},{"attributes":{"OBJECTID":184,"GEO_ID":"H85200001F0730014","BUILDING_ID":"H85200001","FLOOR_ID":"H85200001F07","POI_ID":"H85200001F0730014","NAME":"电梯","CATEGORY_ID":25136,"COLOR":25136,"FLOOR_INDEX":7,"FLOOR_NAME":"F7"},"geometry":{"x":1794.9732000008225,"y":559.37420000135899}},{"attributes":{"OBJECTID":185,"GEO_ID":"H85200001F0730015","BUILDING_ID":"H85200001","FLOOR_ID":"H85200001F07","POI_ID":"H85200001F0730015","NAME":"电梯","CATEGORY_ID":25136,"COLOR":25136,"FLOOR_INDEX":7,"FLOOR_NAME":"F7"},"geometry":{"x":1797.8931999988854,"y":559.31129999831319}},{"attributes":{"OBJECTID":186,"GEO_ID":"H85200001F0730016","BUILDING_ID":"H85200001","FLOOR_ID":"H85200001F07","POI_ID":"H85200001F0730016","NAME":"电梯","CATEGORY_ID":25136,"COLOR":25136,"FLOOR_INDEX":7,"FLOOR_NAME":"F7"},"geometry":{"x":1800.8561999984086,"y":559.37420000135899}},{"attributes":{"OBJECTID":187,"GEO_ID":"H85200001F0730037","BUILDING_ID":"H85200001","FLOOR_ID":"H85200001F07","POI_ID":"H85200001F0730037","NAME":"卫生间","CATEGORY_ID":25118,"COLOR":25118,"FLOOR_INDEX":7,"FLOOR_NAME":"F7"},"geometry":{"x":1796.8491999991238,"y":552.7542000003159}},{"attributes":{"OBJECTID":188,"GEO_ID":"H85200001F0730022","BUILDING_ID":"H85200001","FLOOR_ID":"H85200001F07","POI_ID":"H85200001F0730022","NAME":"扶梯","CATEGORY_ID":25135,"COLOR":25135,"FLOOR_INDEX":7,"FLOOR_NAME":"F7"},"geometry":{"x":1964.5661999993026,"y":547.46930000185966}},{"attributes":{"OBJECTID":189,"GEO_ID":"H85200001F0730023","BUILDING_ID":"H85200001","FLOOR_ID":"H85200001F07","POI_ID":"H85200001F0730023","NAME":"扶梯","CATEGORY_ID":25135,"COLOR":25135,"FLOOR_INDEX":7,"FLOOR_NAME":"F7"},"geometry":{"x":1964.5661999993026,"y":532.34129999950528}},{"attributes":{"OBJECTID":190,"GEO_ID":"H85200001F0730024","BUILDING_ID":"H85200001","FLOOR_ID":"H85200001F07","POI_ID":"H85200001F0730024","NAME":"扶梯","CATEGORY_ID":25135,"COLOR":25135,"FLOOR_INDEX":7,"FLOOR_NAME":"F7"},"geometry":{"x":1785.8491999991238,"y":649.2732000015676}},{"attributes":{"OBJECTID":191,"GEO_ID":"H85200001F0730025","BUILDING_ID":"H85200001","FLOOR_ID":"H85200001F07","POI_ID":"H85200001F0730025","NAME":"扶梯","CATEGORY_ID":25135,"COLOR":25135,"FLOOR_INDEX":7,"FLOOR_NAME":"F7"},"geometry":{"x":1789.3231999985874,"y":645.9112999998033}},{"attributes":{"OBJECTID":192,"GEO_ID":"H85200001F0730039","BUILDING_ID":"H85200001","FLOOR_ID":"H85200001F07","POI_ID":"H85200001F0730039","NAME":"问讯处","CATEGORY_ID":25065,"COLOR":25065,"FLOOR_INDEX":7,"FLOOR_NAME":"F7"},"geometry":{"x":1800.7952000014484,"y":643.01819999888539}},{"attributes":{"OBJECTID":193,"GEO_ID":"H85200001F0730040","BUILDING_ID":"H85200001","FLOOR_ID":"H85200001F07","POI_ID":"H85200001F0730040","NAME":"问讯处","CATEGORY_ID":25065,"COLOR":25065,"FLOOR_INDEX":7,"FLOOR_NAME":"F7"},"geometry":{"x":1801.187199998647,"y":435.28830000013113}},{"attributes":{"OBJECTID":194,"GEO_ID":"H85200001F0730043","BUILDING_ID":"H85200001","FLOOR_ID":"H85200001F07","POI_ID":"H85200001F0730043","NAME":"扶梯","CATEGORY_ID":25135,"COLOR":25135,"FLOOR_INDEX":7,"FLOOR_NAME":"F7"},"geometry":{"x":1790.7034999988973,"y":434.57319999858737}},{"attributes":{"OBJECTID":195,"GEO_ID":"H85200001F0730044","BUILDING_ID":"H85200001","FLOOR_ID":"H85200001F07","POI_ID":"H85200001F0730044","NAME":"楼梯","CATEGORY_ID":25134,"COLOR":25134,"FLOOR_INDEX":7,"FLOOR_NAME":"F7"},"geometry":{"x":1750.7219999991357,"y":582.95850000157952}},{"attributes":{"OBJECTID":196,"GEO_ID":"H85200001F0730045","BUILDING_ID":"H85200001","FLOOR_ID":"H85200001F07","POI_ID":"H85200001F0730045","NAME":"楼梯","CATEGORY_ID":25134,"COLOR":25134,"FLOOR_INDEX":7,"FLOOR_NAME":"F7"},"geometry":{"x":1775.8398999981582,"y":606.21319999918342}},{"attributes":{"OBJECTID":197,"GEO_ID":"H85200001F0730046","BUILDING_ID":"H85200001","FLOOR_ID":"H85200001F07","POI_ID":"H85200001F0730046","NAME":"楼梯","CATEGORY_ID":25134,"COLOR":25134,"FLOOR_INDEX":7,"FLOOR_NAME":"F7"},"geometry":{"x":1771.1037999987602,"y":560.93010000139475}},{"attributes":{"OBJECTID":198,"GEO_ID":"H85200001F0730047","BUILDING_ID":"H85200001","FLOOR_ID":"H85200001F07","POI_ID":"H85200001F0730047","NAME":"楼梯","CATEGORY_ID":25134,"COLOR":25134,"FLOOR_INDEX":7,"FLOOR_NAME":"F7"},"geometry":{"x":1770.9979999996722,"y":519.79610000178218}},{"attributes":{"OBJECTID":199,"GEO_ID":"H85200001F0730048","BUILDING_ID":"H85200001","FLOOR_ID":"H85200001F07","POI_ID":"H85200001F0730048","NAME":"楼梯","CATEGORY_ID":25134,"COLOR":25134,"FLOOR_INDEX":7,"FLOOR_NAME":"F7"},"geometry":{"x":1750.8764000013471,"y":496.41789999976754}},{"attributes":{"OBJECTID":200,"GEO_ID":"H85200001F0730049","BUILDING_ID":"H85200001","FLOOR_ID":"H85200001F07","POI_ID":"H85200001F0730049","NAME":"楼梯","CATEGORY_ID":25134,"COLOR":25134,"FLOOR_INDEX":7,"FLOOR_NAME":"F7"},"geometry":{"x":1774.2126999981701,"y":472.02329999953508}},{"attributes":{"OBJECTID":201,"GEO_ID":"H85200001F0730050","BUILDING_ID":"H85200001","FLOOR_ID":"H85200001F07","POI_ID":"H85200001F0730050","NAME":"电梯","CATEGORY_ID":25136,"COLOR":25136,"FLOOR_INDEX":7,"FLOOR_NAME":"F7"},"geometry":{"x":1969.0667999982834,"y":697.73530000075698}},{"attributes":{"OBJECTID":202,"GEO_ID":"H85200001F0730051","BUILDING_ID":"H85200001","FLOOR_ID":"H85200001F07","POI_ID":"H85200001F0730051","NAME":"电梯","CATEGORY_ID":25136,"COLOR":25136,"FLOOR_INDEX":7,"FLOOR_NAME":"F7"},"geometry":{"x":1969.1726000010967,"y":693.92529999837279}},{"attributes":{"OBJECTID":203,"GEO_ID":"H85200001F0730052","BUILDING_ID":"H85200001","FLOOR_ID":"H85200001F07","POI_ID":"H85200001F0730052","NAME":"扶梯","CATEGORY_ID":25135,"COLOR":25135,"FLOOR_INDEX":7,"FLOOR_NAME":"F7"},"geometry":{"x":1963.9866999983788,"y":681.75439999997616}},{"attributes":{"OBJECTID":204,"GEO_ID":"H85200001F0730053","BUILDING_ID":"H85200001","FLOOR_ID":"H85200001F07","POI_ID":"H85200001F0730053","NAME":"电梯","CATEGORY_ID":25136,"COLOR":25136,"FLOOR_INDEX":7,"FLOOR_NAME":"F7"},"geometry":{"x":1969.0476000010967,"y":541.85399999842048}},{"attributes":{"OBJECTID":205,"GEO_ID":"H85200001F0730054","BUILDING_ID":"H85200001","FLOOR_ID":"H85200001F07","POI_ID":"H85200001F0730054","NAME":"电梯","CATEGORY_ID":25136,"COLOR":25136,"FLOOR_INDEX":7,"FLOOR_NAME":"F7"},"geometry":{"x":1969.2063000015914,"y":538.04399999976158}},{"attributes":{"OBJECTID":206,"GEO_ID":"H85200001F0730055","BUILDING_ID":"H85200001","FLOOR_ID":"H85200001F07","POI_ID":"H85200001F0730055","NAME":"电梯","CATEGORY_ID":25136,"COLOR":25136,"FLOOR_INDEX":7,"FLOOR_NAME":"F7"},"geometry":{"x":1969.1666000001132,"y":386.10940000042319}},{"attributes":{"OBJECTID":207,"GEO_ID":"H85200001F0730056","BUILDING_ID":"H85200001","FLOOR_ID":"H85200001F07","POI_ID":"H85200001F0730056","NAME":"电梯","CATEGORY_ID":25136,"COLOR":25136,"FLOOR_INDEX":7,"FLOOR_NAME":"F7"},"geometry":{"x":1969.1270000003278,"y":382.06120000034571}},{"attributes":{"OBJECTID":208,"GEO_ID":"H85200001F0730057","BUILDING_ID":"H85200001","FLOOR_ID":"H85200001F07","POI_ID":"H85200001F0730057","NAME":"扶梯","CATEGORY_ID":25135,"COLOR":25135,"FLOOR_INDEX":7,"FLOOR_NAME":"F7"},"geometry":{"x":1963.9992999993265,"y":397.67170000076294}}]}