{"displayFieldName":"","fieldAliases":{"OBJECTID":"OBJECTID","GEO_ID":"GEO_ID","BUILDING_ID":"BUILDING_ID","FLOOR_ID":"FLOOR_ID","POI_ID":"POI_ID","NAME":"NAME","CATEGORY_ID":"CATEGORY_ID","COLOR":"COLOR","ROOMNUM":"ROOMNUM","FLOOR_INDEX":"FLOOR_INDEX","FLOOR_NAME":"FLOOR_NAME","ORIG_FID":"ORIG_FID","LENGTH":"LENGTH"},"geometryType":"esriGeometryPoint","spatialReference":{"wkid":3395,"latestWkid":3395},"fields":[{"name":"OBJECTID","type":"esriFieldTypeOID","alias":"OBJECTID"},{"name":"GEO_ID","type":"esriFieldTypeString","alias":"GEO_ID","length":50},{"name":"BUILDING_ID","type":"esriFieldTypeString","alias":"BUILDING_ID","length":50},{"name":"FLOOR_ID","type":"esriFieldTypeString","alias":"FLOOR_ID","length":50},{"name":"POI_ID","type":"esriFieldTypeString","alias":"POI_ID","length":50},{"name":"NAME","type":"esriFieldTypeString","alias":"NAME","length":50},{"name":"CATEGORY_ID","type":"esriFieldTypeSmallInteger","alias":"CATEGORY_ID"},{"name":"COLOR","type":"esriFieldTypeSmallInteger","alias":"COLOR"},{"name":"ROOMNUM","type":"esriFieldTypeString","alias":"ROOMNUM","length":50},{"name":"FLOOR_INDEX","type":"esriFieldTypeSmallInteger","alias":"FLOOR_INDEX"},{"name":"FLOOR_NAME","type":"esriFieldTypeString","alias":"FLOOR_NAME","length":50},{"name":"ORIG_FID","type":"esriFieldTypeInteger","alias":"ORIG_FID"},{"name":"LENGTH","type":"esriFieldTypeDouble","alias":"LENGTH"}],"features":[{"attributes":{"OBJECTID":302,"GEO_ID":"H85200001F0110013","BUILDING_ID":"H85200001","FLOOR_ID":"H85200001F01","POI_ID":"H85200001F0110013","NAME":"From west hall platform","CATEGORY_ID":25003,"COLOR":1,"ROOMNUM":null,"FLOOR_INDEX":1,"FLOOR_NAME":"F1","ORIG_FID":null,"LENGTH":282.81705499999998},"geometry":{"x":1753.3969999998808,"y":549.01119999960065}},{"attributes":{"OBJECTID":303,"GEO_ID":"H85200001F0110014","BUILDING_ID":"H85200001","FLOOR_ID":"H85200001F01","POI_ID":"H85200001F0110014","NAME":"To west hall platform","CATEGORY_ID":25003,"COLOR":1,"ROOMNUM":null,"FLOOR_INDEX":1,"FLOOR_NAME":"F1","ORIG_FID":null,"LENGTH":394.29825499999998},"geometry":{"x":1753.7674000002444,"y":532.63349999859929}}]}