{"displayFieldName":"","fieldAliases":{"OBJECTID":"OBJECTID","GEO_ID":"GEO_ID","BUILDING_ID":"BUILDING_ID","FLOOR_ID":"FLOOR_ID","POI_ID":"POI_ID","NAME":"NAME","CATEGORY_ID":"CATEGORY_ID","COLOR":"COLOR","FLOOR_INDEX":"FLOOR_INDEX","FLOOR_NAME":"FLOOR_NAME"},"geometryType":"esriGeometryPoint","spatialReference":{"wkid":3395,"latestWkid":3395},"fields":[{"name":"OBJECTID","type":"esriFieldTypeOID","alias":"OBJECTID"},{"name":"GEO_ID","type":"esriFieldTypeString","alias":"GEO_ID","length":50},{"name":"BUILDING_ID","type":"esriFieldTypeString","alias":"BUILDING_ID","length":50},{"name":"FLOOR_ID","type":"esriFieldTypeString","alias":"FLOOR_ID","length":50},{"name":"POI_ID","type":"esriFieldTypeString","alias":"POI_ID","length":50},{"name":"NAME","type":"esriFieldTypeString","alias":"NAME","length":50},{"name":"CATEGORY_ID","type":"esriFieldTypeSmallInteger","alias":"CATEGORY_ID"},{"name":"COLOR","type":"esriFieldTypeSmallInteger","alias":"COLOR"},{"name":"FLOOR_INDEX","type":"esriFieldTypeSmallInteger","alias":"FLOOR_INDEX"},{"name":"FLOOR_NAME","type":"esriFieldTypeString","alias":"FLOOR_NAME","length":50}],"features":[{"attributes":{"OBJECTID":1,"GEO_ID":"H85200001F0630001","BUILDING_ID":"H85200001","FLOOR_ID":"H85200001F06","POI_ID":"H85200001F0630001","NAME":"卫生间","CATEGORY_ID":25118,"COLOR":25118,"FLOOR_INDEX":6,"FLOOR_NAME":"F6"},"geometry":{"x":1839.1722000017762,"y":250.51419999822974}},{"attributes":{"OBJECTID":2,"GEO_ID":"H85200001F0630002","BUILDING_ID":"H85200001","FLOOR_ID":"H85200001F06","POI_ID":"H85200001F0630002","NAME":"残障洗手间","CATEGORY_ID":25015,"COLOR":25015,"FLOOR_INDEX":6,"FLOOR_NAME":"F6"},"geometry":{"x":1839.452199999243,"y":239.58830000087619}},{"attributes":{"OBJECTID":3,"GEO_ID":"H85200001F0630003","BUILDING_ID":"H85200001","FLOOR_ID":"H85200001F06","POI_ID":"H85200001F0630003","NAME":"通济隆外币兑换自动汇员机","CATEGORY_ID":25031,"COLOR":25031,"FLOOR_INDEX":6,"FLOOR_NAME":"F6"},"geometry":{"x":1830.2071999981999,"y":297.01830000057817}},{"attributes":{"OBJECTID":4,"GEO_ID":"H85200001F0630004","BUILDING_ID":"H85200001","FLOOR_ID":"H85200001F06","POI_ID":"H85200001F0630004","NAME":"哺乳室","CATEGORY_ID":25025,"COLOR":25025,"FLOOR_INDEX":6,"FLOOR_NAME":"F6"},"geometry":{"x":1842.8891999982297,"y":386.22520000115037}},{"attributes":{"OBJECTID":5,"GEO_ID":"H85200001F0630005","BUILDING_ID":"H85200001","FLOOR_ID":"H85200001F06","POI_ID":"H85200001F0630005","NAME":"残障洗手间","CATEGORY_ID":25015,"COLOR":25015,"FLOOR_INDEX":6,"FLOOR_NAME":"F6"},"geometry":{"x":1837.5951999984682,"y":386.22520000115037}},{"attributes":{"OBJECTID":6,"GEO_ID":"H85200001F0630006","BUILDING_ID":"H85200001","FLOOR_ID":"H85200001F06","POI_ID":"H85200001F0630006","NAME":"残障洗手间","CATEGORY_ID":25015,"COLOR":25015,"FLOOR_INDEX":6,"FLOOR_NAME":"F6"},"geometry":{"x":1839.0491999983788,"y":363.07930000126362}},{"attributes":{"OBJECTID":7,"GEO_ID":"H85200001F0630007","BUILDING_ID":"H85200001","FLOOR_ID":"H85200001F06","POI_ID":"H85200001F0630007","NAME":"卫生间","CATEGORY_ID":25118,"COLOR":25118,"FLOOR_INDEX":6,"FLOOR_NAME":"F6"},"geometry":{"x":1839.1332000009716,"y":357.02820000052452}},{"attributes":{"OBJECTID":8,"GEO_ID":"H85200001F0630008","BUILDING_ID":"H85200001","FLOOR_ID":"H85200001F06","POI_ID":"H85200001F0630008","NAME":"卫生间","CATEGORY_ID":25118,"COLOR":25118,"FLOOR_INDEX":6,"FLOOR_NAME":"F6"},"geometry":{"x":1839.1832000017166,"y":828.28429999947548}},{"attributes":{"OBJECTID":9,"GEO_ID":"H85200001F0630009","BUILDING_ID":"H85200001","FLOOR_ID":"H85200001F06","POI_ID":"H85200001F0630009","NAME":"残障洗手间","CATEGORY_ID":25015,"COLOR":25015,"FLOOR_INDEX":6,"FLOOR_NAME":"F6"},"geometry":{"x":1839.1832000017166,"y":817.16629999876022}},{"attributes":{"OBJECTID":10,"GEO_ID":"H85200001F0630010","BUILDING_ID":"H85200001","FLOOR_ID":"H85200001F06","POI_ID":"H85200001F0630010","NAME":"扶梯","CATEGORY_ID":25135,"COLOR":25135,"FLOOR_INDEX":6,"FLOOR_NAME":"F6"},"geometry":{"x":1839.2281999997795,"y":801.72529999911785}},{"attributes":{"OBJECTID":12,"GEO_ID":"H85200001F0630011","BUILDING_ID":"H85200001","FLOOR_ID":"H85200001F06","POI_ID":"H85200001F0630011","NAME":"卫生间","CATEGORY_ID":25118,"COLOR":25118,"FLOOR_INDEX":6,"FLOOR_NAME":"F6"},"geometry":{"x":1839.1832000017166,"y":723.4602999985218}},{"attributes":{"OBJECTID":13,"GEO_ID":"H85200001F0630012","BUILDING_ID":"H85200001","FLOOR_ID":"H85200001F06","POI_ID":"H85200001F0630012","NAME":"残障洗手间","CATEGORY_ID":25015,"COLOR":25015,"FLOOR_INDEX":6,"FLOOR_NAME":"F6"},"geometry":{"x":1839.1741999983788,"y":717.09329999983311}},{"attributes":{"OBJECTID":14,"GEO_ID":"H85200001F0630013","BUILDING_ID":"H85200001","FLOOR_ID":"H85200001F06","POI_ID":"H85200001F0630013","NAME":"扶梯","CATEGORY_ID":25135,"COLOR":25135,"FLOOR_INDEX":6,"FLOOR_NAME":"F6"},"geometry":{"x":1824.6211999990046,"y":724.91120000183582}},{"attributes":{"OBJECTID":15,"GEO_ID":"H85200001F0630014","BUILDING_ID":"H85200001","FLOOR_ID":"H85200001F06","POI_ID":"H85200001F0630014","NAME":"通济隆外币兑换自动汇员机","CATEGORY_ID":25031,"COLOR":25031,"FLOOR_INDEX":6,"FLOOR_NAME":"F6"},"geometry":{"x":1831.3522000014782,"y":680.58630000054836}},{"attributes":{"OBJECTID":16,"GEO_ID":"H85200001F0630015","BUILDING_ID":"H85200001","FLOOR_ID":"H85200001F06","POI_ID":"H85200001F0630015","NAME":"哺乳室","CATEGORY_ID":25025,"COLOR":25025,"FLOOR_INDEX":6,"FLOOR_NAME":"F6"},"geometry":{"x":1841.8302000015974,"y":693.81320000067353}},{"attributes":{"OBJECTID":17,"GEO_ID":"H85200001F0630016","BUILDING_ID":"H85200001","FLOOR_ID":"H85200001F06","POI_ID":"H85200001F0630016","NAME":"残障洗手间","CATEGORY_ID":25015,"COLOR":25015,"FLOOR_INDEX":6,"FLOOR_NAME":"F6"},"geometry":{"x":1837.5951999984682,"y":693.81320000067353}},{"attributes":{"OBJECTID":18,"GEO_ID":"H85200001F0630017","BUILDING_ID":"H85200001","FLOOR_ID":"H85200001F06","POI_ID":"H85200001F0630017","NAME":"卫生间","CATEGORY_ID":25118,"COLOR":25118,"FLOOR_INDEX":6,"FLOOR_NAME":"F6"},"geometry":{"x":1832.5201999992132,"y":648.28429999947548}},{"attributes":{"OBJECTID":19,"GEO_ID":"H85200001F0630018","BUILDING_ID":"H85200001","FLOOR_ID":"H85200001F06","POI_ID":"H85200001F0630018","NAME":"卫生间","CATEGORY_ID":25118,"COLOR":25118,"FLOOR_INDEX":6,"FLOOR_NAME":"F6"},"geometry":{"x":1832.5722000002861,"y":431.91930000111461}},{"attributes":{"OBJECTID":20,"GEO_ID":"H85200001F0630019","BUILDING_ID":"H85200001","FLOOR_ID":"H85200001F06","POI_ID":"H85200001F0630019","NAME":"扶梯","CATEGORY_ID":25135,"COLOR":25135,"FLOOR_INDEX":6,"FLOOR_NAME":"F6"},"geometry":{"x":1806.3601999990642,"y":635.57820000126958}},{"attributes":{"OBJECTID":21,"GEO_ID":"H85200001F0630020","BUILDING_ID":"H85200001","FLOOR_ID":"H85200001F06","POI_ID":"H85200001F0630020","NAME":"电梯","CATEGORY_ID":25136,"COLOR":25136,"FLOOR_INDEX":6,"FLOOR_NAME":"F6"},"geometry":{"x":1796.452199999243,"y":632.77930000051856}},{"attributes":{"OBJECTID":22,"GEO_ID":"H85200001F0630021","BUILDING_ID":"H85200001","FLOOR_ID":"H85200001F06","POI_ID":"H85200001F0630021","NAME":"电梯","CATEGORY_ID":25136,"COLOR":25136,"FLOOR_INDEX":6,"FLOOR_NAME":"F6"},"geometry":{"x":1800.3262000009418,"y":632.79030000045896}},{"attributes":{"OBJECTID":24,"GEO_ID":"H85200001F0630023","BUILDING_ID":"H85200001","FLOOR_ID":"H85200001F06","POI_ID":"H85200001F0630023","NAME":"扶梯","CATEGORY_ID":25135,"COLOR":25135,"FLOOR_INDEX":6,"FLOOR_NAME":"F6"},"geometry":{"x":1781.2281999997795,"y":645.05029999837279}},{"attributes":{"OBJECTID":25,"GEO_ID":"H85200001F0630024","BUILDING_ID":"H85200001","FLOOR_ID":"H85200001F06","POI_ID":"H85200001F0630024","NAME":"扶梯","CATEGORY_ID":25135,"COLOR":25135,"FLOOR_INDEX":6,"FLOOR_NAME":"F6"},"geometry":{"x":1785.0942000001669,"y":641.91230000182986}},{"attributes":{"OBJECTID":26,"GEO_ID":"H85200001F0630025","BUILDING_ID":"H85200001","FLOOR_ID":"H85200001F06","POI_ID":"H85200001F0630025","NAME":"楼梯","CATEGORY_ID":25134,"COLOR":25134,"FLOOR_INDEX":6,"FLOOR_NAME":"F6"},"geometry":{"x":1774.5951999984682,"y":608.57829999923706}},{"attributes":{"OBJECTID":27,"GEO_ID":"H85200001F0630026","BUILDING_ID":"H85200001","FLOOR_ID":"H85200001F06","POI_ID":"H85200001F0630026","NAME":"电梯","CATEGORY_ID":25136,"COLOR":25136,"FLOOR_INDEX":6,"FLOOR_NAME":"F6"},"geometry":{"x":1794.7131999991834,"y":559.34319999814034}},{"attributes":{"OBJECTID":28,"GEO_ID":"H85200001F0630027","BUILDING_ID":"H85200001","FLOOR_ID":"H85200001F06","POI_ID":"H85200001F0630027","NAME":"电梯","CATEGORY_ID":25136,"COLOR":25136,"FLOOR_INDEX":6,"FLOOR_NAME":"F6"},"geometry":{"x":1797.9191999994218,"y":559.34319999814034}},{"attributes":{"OBJECTID":29,"GEO_ID":"H85200001F0630028","BUILDING_ID":"H85200001","FLOOR_ID":"H85200001F06","POI_ID":"H85200001F0630028","NAME":"电梯","CATEGORY_ID":25136,"COLOR":25136,"FLOOR_INDEX":6,"FLOOR_NAME":"F6"},"geometry":{"x":1801.0951999984682,"y":559.34319999814034}},{"attributes":{"OBJECTID":30,"GEO_ID":"H85200001F0630029","BUILDING_ID":"H85200001","FLOOR_ID":"H85200001F06","POI_ID":"H85200001F0630029","NAME":"电梯","CATEGORY_ID":25136,"COLOR":25136,"FLOOR_INDEX":6,"FLOOR_NAME":"F6"},"geometry":{"x":1800.507199998945,"y":521.30930000171065}},{"attributes":{"OBJECTID":31,"GEO_ID":"H85200001F0630030","BUILDING_ID":"H85200001","FLOOR_ID":"H85200001F06","POI_ID":"H85200001F0630030","NAME":"电梯","CATEGORY_ID":25136,"COLOR":25136,"FLOOR_INDEX":6,"FLOOR_NAME":"F6"},"geometry":{"x":1797.4142000004649,"y":521.22520000115037}},{"attributes":{"OBJECTID":32,"GEO_ID":"H85200001F0630031","BUILDING_ID":"H85200001","FLOOR_ID":"H85200001F06","POI_ID":"H85200001F0630031","NAME":"电梯","CATEGORY_ID":25136,"COLOR":25136,"FLOOR_INDEX":6,"FLOOR_NAME":"F6"},"geometry":{"x":1794.4182000011206,"y":521.26729999855161}},{"attributes":{"OBJECTID":33,"GEO_ID":"H85200001F0630032","BUILDING_ID":"H85200001","FLOOR_ID":"H85200001F06","POI_ID":"H85200001F0630032","NAME":"楼梯","CATEGORY_ID":25134,"COLOR":25134,"FLOOR_INDEX":6,"FLOOR_NAME":"F6"},"geometry":{"x":1771.2862000018358,"y":560.93129999935627}},{"attributes":{"OBJECTID":34,"GEO_ID":"H85200001F0630033","BUILDING_ID":"H85200001","FLOOR_ID":"H85200001F06","POI_ID":"H85200001F0630033","NAME":"扶梯","CATEGORY_ID":25135,"COLOR":25135,"FLOOR_INDEX":6,"FLOOR_NAME":"F6"},"geometry":{"x":1773.8962000012398,"y":540.30429999902844}},{"attributes":{"OBJECTID":35,"GEO_ID":"H85200001F0630034","BUILDING_ID":"H85200001","FLOOR_ID":"H85200001F06","POI_ID":"H85200001F0630034","NAME":"汇丰银行ATM","CATEGORY_ID":25020,"COLOR":25020,"FLOOR_INDEX":6,"FLOOR_NAME":"F6"},"geometry":{"x":1769.5861999988556,"y":544.53920000046492}},{"attributes":{"OBJECTID":36,"GEO_ID":"H85200001F0630035","BUILDING_ID":"H85200001","FLOOR_ID":"H85200001F06","POI_ID":"H85200001F0630035","NAME":"花期银行ATM","CATEGORY_ID":25020,"COLOR":25020,"FLOOR_INDEX":6,"FLOOR_NAME":"F6"},"geometry":{"x":1769.7261999994516,"y":535.8542999997735}},{"attributes":{"OBJECTID":37,"GEO_ID":"H85200001F0630036","BUILDING_ID":"H85200001","FLOOR_ID":"H85200001F06","POI_ID":"H85200001F0630036","NAME":"楼梯","CATEGORY_ID":25134,"COLOR":25134,"FLOOR_INDEX":6,"FLOOR_NAME":"F6"},"geometry":{"x":1771.4182000011206,"y":519.66330000013113}},{"attributes":{"OBJECTID":38,"GEO_ID":"H85200001F0630037","BUILDING_ID":"H85200001","FLOOR_ID":"H85200001F06","POI_ID":"H85200001F0630037","NAME":"电梯","CATEGORY_ID":25136,"COLOR":25136,"FLOOR_INDEX":6,"FLOOR_NAME":"F6"},"geometry":{"x":1800.2631999999285,"y":447.90819999948144}},{"attributes":{"OBJECTID":39,"GEO_ID":"H85200001F0630038","BUILDING_ID":"H85200001","FLOOR_ID":"H85200001F06","POI_ID":"H85200001F0630038","NAME":"电梯","CATEGORY_ID":25136,"COLOR":25136,"FLOOR_INDEX":6,"FLOOR_NAME":"F6"},"geometry":{"x":1796.3552000001073,"y":447.86630000174046}},{"attributes":{"OBJECTID":41,"GEO_ID":"H85200001F0630039","BUILDING_ID":"H85200001","FLOOR_ID":"H85200001F06","POI_ID":"H85200001F0630039","NAME":"扶梯","CATEGORY_ID":25135,"COLOR":25135,"FLOOR_INDEX":6,"FLOOR_NAME":"F6"},"geometry":{"x":1806.46420000121,"y":444.10119999945164}},{"attributes":{"OBJECTID":42,"GEO_ID":"H85200001F0630040","BUILDING_ID":"H85200001","FLOOR_ID":"H85200001F06","POI_ID":"H85200001F0630040","NAME":"扶梯","CATEGORY_ID":25135,"COLOR":25135,"FLOOR_INDEX":6,"FLOOR_NAME":"F6"},"geometry":{"x":1781.2811999991536,"y":435.10830000042915}},{"attributes":{"OBJECTID":43,"GEO_ID":"H85200001F0630041","BUILDING_ID":"H85200001","FLOOR_ID":"H85200001F06","POI_ID":"H85200001F0630041","NAME":"扶梯","CATEGORY_ID":25135,"COLOR":25135,"FLOOR_INDEX":6,"FLOOR_NAME":"F6"},"geometry":{"x":1784.8951999992132,"y":438.7212999984622}},{"attributes":{"OBJECTID":44,"GEO_ID":"H85200001F0630042","BUILDING_ID":"H85200001","FLOOR_ID":"H85200001F06","POI_ID":"H85200001F0630042","NAME":"楼梯","CATEGORY_ID":25134,"COLOR":25134,"FLOOR_INDEX":6,"FLOOR_NAME":"F6"},"geometry":{"x":1773.4822000004351,"y":471.8843000009656}},{"attributes":{"OBJECTID":45,"GEO_ID":"H85200001F0630043","BUILDING_ID":"H85200001","FLOOR_ID":"H85200001F06","POI_ID":"H85200001F0630043","NAME":"楼梯","CATEGORY_ID":25134,"COLOR":25134,"FLOOR_INDEX":6,"FLOOR_NAME":"F6"},"geometry":{"x":1750.054200001061,"y":496.29120000079274}},{"attributes":{"OBJECTID":47,"GEO_ID":"H85200001F0630045","BUILDING_ID":"H85200001","FLOOR_ID":"H85200001F06","POI_ID":"H85200001F0630045","NAME":"楼梯","CATEGORY_ID":25134,"COLOR":25134,"FLOOR_INDEX":6,"FLOOR_NAME":"F6"},"geometry":{"x":1715.5991999991238,"y":492.38129999861121}},{"attributes":{"OBJECTID":48,"GEO_ID":"H85200001F0630046","BUILDING_ID":"H85200001","FLOOR_ID":"H85200001F06","POI_ID":"H85200001F0630046","NAME":"卫生间","CATEGORY_ID":25118,"COLOR":25118,"FLOOR_INDEX":6,"FLOOR_NAME":"F6"},"geometry":{"x":1730.1251999996603,"y":476.4012000001967}},{"attributes":{"OBJECTID":50,"GEO_ID":"H85200001F0630047","BUILDING_ID":"H85200001","FLOOR_ID":"H85200001F06","POI_ID":"H85200001F0630047","NAME":"扶梯","CATEGORY_ID":25135,"COLOR":25135,"FLOOR_INDEX":6,"FLOOR_NAME":"F6"},"geometry":{"x":1722.9512000009418,"y":522.66220000013709}},{"attributes":{"OBJECTID":51,"GEO_ID":"H85200001F0630048","BUILDING_ID":"H85200001","FLOOR_ID":"H85200001F06","POI_ID":"H85200001F0630048","NAME":"扶梯","CATEGORY_ID":25135,"COLOR":25135,"FLOOR_INDEX":6,"FLOOR_NAME":"F6"},"geometry":{"x":1736.4811999984086,"y":526.27519999817014}},{"attributes":{"OBJECTID":52,"GEO_ID":"H85200001F0630049","BUILDING_ID":"H85200001","FLOOR_ID":"H85200001F06","POI_ID":"H85200001F0630049","NAME":"扶梯","CATEGORY_ID":25135,"COLOR":25135,"FLOOR_INDEX":6,"FLOOR_NAME":"F6"},"geometry":{"x":1750.2641999982297,"y":531.23429999873042}},{"attributes":{"OBJECTID":53,"GEO_ID":"H85200001F0630050","BUILDING_ID":"H85200001","FLOOR_ID":"H85200001F06","POI_ID":"H85200001F0630050","NAME":"电梯","CATEGORY_ID":25136,"COLOR":25136,"FLOOR_INDEX":6,"FLOOR_NAME":"F6"},"geometry":{"x":1720.0091999992728,"y":532.41120000183582}},{"attributes":{"OBJECTID":54,"GEO_ID":"H85200001F0630051","BUILDING_ID":"H85200001","FLOOR_ID":"H85200001F06","POI_ID":"H85200001F0630051","NAME":"电梯","CATEGORY_ID":25136,"COLOR":25136,"FLOOR_INDEX":6,"FLOOR_NAME":"F6"},"geometry":{"x":1724.2952000014484,"y":532.41120000183582}},{"attributes":{"OBJECTID":55,"GEO_ID":"H85200001F0630052","BUILDING_ID":"H85200001","FLOOR_ID":"H85200001F06","POI_ID":"H85200001F0630052","NAME":"扶梯","CATEGORY_ID":25135,"COLOR":25135,"FLOOR_INDEX":6,"FLOOR_NAME":"F6"},"geometry":{"x":1723.272199999541,"y":557.94330000132322}},{"attributes":{"OBJECTID":56,"GEO_ID":"H85200001F0630053","BUILDING_ID":"H85200001","FLOOR_ID":"H85200001F06","POI_ID":"H85200001F0630053","NAME":"扶梯","CATEGORY_ID":25135,"COLOR":25135,"FLOOR_INDEX":6,"FLOOR_NAME":"F6"},"geometry":{"x":1750.5861999988556,"y":549.20329999923706}},{"attributes":{"OBJECTID":57,"GEO_ID":"H85200001F0630054","BUILDING_ID":"H85200001","FLOOR_ID":"H85200001F06","POI_ID":"H85200001F0630054","NAME":"电梯","CATEGORY_ID":25136,"COLOR":25136,"FLOOR_INDEX":6,"FLOOR_NAME":"F6"},"geometry":{"x":1720.4142000004649,"y":547.85819999873638}},{"attributes":{"OBJECTID":58,"GEO_ID":"H85200001F0630055","BUILDING_ID":"H85200001","FLOOR_ID":"H85200001F06","POI_ID":"H85200001F0630055","NAME":"电梯","CATEGORY_ID":25136,"COLOR":25136,"FLOOR_INDEX":6,"FLOOR_NAME":"F6"},"geometry":{"x":1724.2802000008523,"y":547.85819999873638}},{"attributes":{"OBJECTID":59,"GEO_ID":"H85200001F0630056","BUILDING_ID":"H85200001","FLOOR_ID":"H85200001F06","POI_ID":"H85200001F0630056","NAME":"楼梯","CATEGORY_ID":25134,"COLOR":25134,"FLOOR_INDEX":6,"FLOOR_NAME":"F6"},"geometry":{"x":1799.6541999988258,"y":663.28429999947548}},{"attributes":{"OBJECTID":60,"GEO_ID":"H85200001F0630057","BUILDING_ID":"H85200001","FLOOR_ID":"H85200001F06","POI_ID":"H85200001F0630057","NAME":"卫生间","CATEGORY_ID":25118,"COLOR":25118,"FLOOR_INDEX":6,"FLOOR_NAME":"F6"},"geometry":{"x":1730.4701999984682,"y":605.62029999867082}},{"attributes":{"OBJECTID":61,"GEO_ID":"H85200001F0630058","BUILDING_ID":"H85200001","FLOOR_ID":"H85200001F06","POI_ID":"H85200001F0630058","NAME":"楼梯","CATEGORY_ID":25134,"COLOR":25134,"FLOOR_INDEX":6,"FLOOR_NAME":"F6"},"geometry":{"x":1715.9101999998093,"y":589.14719999954104}},{"attributes":{"OBJECTID":62,"GEO_ID":"H85200001F0630059","BUILDING_ID":"H85200001","FLOOR_ID":"H85200001F06","POI_ID":"H85200001F0630059","NAME":"问询处","CATEGORY_ID":25065,"COLOR":25065,"FLOOR_INDEX":6,"FLOOR_NAME":"F6"},"geometry":{"x":1754.5031999982893,"y":541.32530000060797}},{"attributes":{"OBJECTID":63,"GEO_ID":"H85200001F0630060","BUILDING_ID":"H85200001","FLOOR_ID":"H85200001F06","POI_ID":"H85200001F0630060","NAME":"问询处","CATEGORY_ID":25065,"COLOR":25065,"FLOOR_INDEX":6,"FLOOR_NAME":"F6"},"geometry":{"x":1062.7822000011802,"y":539.59420000016689}},{"attributes":{"OBJECTID":64,"GEO_ID":"H85200001F0630061","BUILDING_ID":"H85200001","FLOOR_ID":"H85200001F06","POI_ID":"H85200001F0630061","NAME":"楼梯","CATEGORY_ID":25134,"COLOR":25134,"FLOOR_INDEX":6,"FLOOR_NAME":"F6"},"geometry":{"x":1668.7131999991834,"y":549.81329999864101}},{"attributes":{"OBJECTID":65,"GEO_ID":"H85200001F0630062","BUILDING_ID":"H85200001","FLOOR_ID":"H85200001F06","POI_ID":"H85200001F0630062","NAME":"卫生间","CATEGORY_ID":25118,"COLOR":25118,"FLOOR_INDEX":6,"FLOOR_NAME":"F6"},"geometry":{"x":1658.9732000008225,"y":549.84230000153184}},{"attributes":{"OBJECTID":66,"GEO_ID":"H85200001F0630063","BUILDING_ID":"H85200001","FLOOR_ID":"H85200001F06","POI_ID":"H85200001F0630063","NAME":"卫生间","CATEGORY_ID":25118,"COLOR":25118,"FLOOR_INDEX":6,"FLOOR_NAME":"F6"},"geometry":{"x":1629.0612000003457,"y":530.22329999879003}},{"attributes":{"OBJECTID":68,"GEO_ID":"H85200001F0630064","BUILDING_ID":"H85200001","FLOOR_ID":"H85200001F06","POI_ID":"H85200001F0630064","NAME":"电梯","CATEGORY_ID":25136,"COLOR":25136,"FLOOR_INDEX":6,"FLOOR_NAME":"F6"},"geometry":{"x":1618.257199998945,"y":531.8623000010848}},{"attributes":{"OBJECTID":69,"GEO_ID":"H85200001F0630065","BUILDING_ID":"H85200001","FLOOR_ID":"H85200001F06","POI_ID":"H85200001F0630065","NAME":"电梯","CATEGORY_ID":25136,"COLOR":25136,"FLOOR_INDEX":6,"FLOOR_NAME":"F6"},"geometry":{"x":1612.1642000004649,"y":531.2322999984026}},{"attributes":{"OBJECTID":70,"GEO_ID":"H85200001F0630066","BUILDING_ID":"H85200001","FLOOR_ID":"H85200001F06","POI_ID":"H85200001F0630066","NAME":"楼梯","CATEGORY_ID":25134,"COLOR":25134,"FLOOR_INDEX":6,"FLOOR_NAME":"F6"},"geometry":{"x":1606.2102000005543,"y":531.16120000183582}},{"attributes":{"OBJECTID":71,"GEO_ID":"H85200001F0630067","BUILDING_ID":"H85200001","FLOOR_ID":"H85200001F06","POI_ID":"H85200001F0630067","NAME":"楼梯","CATEGORY_ID":25134,"COLOR":25134,"FLOOR_INDEX":6,"FLOOR_NAME":"F6"},"geometry":{"x":1543.2402000017464,"y":531.19729999825358}},{"attributes":{"OBJECTID":72,"GEO_ID":"H85200001F0630068","BUILDING_ID":"H85200001","FLOOR_ID":"H85200001F06","POI_ID":"H85200001F0630068","NAME":"电梯","CATEGORY_ID":25136,"COLOR":25136,"FLOOR_INDEX":6,"FLOOR_NAME":"F6"},"geometry":{"x":1549.0531999990344,"y":531.19729999825358}},{"attributes":{"OBJECTID":73,"GEO_ID":"H85200001F0630069","BUILDING_ID":"H85200001","FLOOR_ID":"H85200001F06","POI_ID":"H85200001F0630069","NAME":"卫生间","CATEGORY_ID":25118,"COLOR":25118,"FLOOR_INDEX":6,"FLOOR_NAME":"F6"},"geometry":{"x":1515.7061999998987,"y":549.8082999996841}},{"attributes":{"OBJECTID":74,"GEO_ID":"H85200001F0630070","BUILDING_ID":"H85200001","FLOOR_ID":"H85200001F06","POI_ID":"H85200001F0630070","NAME":"残障洗手间","CATEGORY_ID":25015,"COLOR":25015,"FLOOR_INDEX":6,"FLOOR_NAME":"F6"},"geometry":{"x":1525.5672000013292,"y":551.32030000165105}},{"attributes":{"OBJECTID":75,"GEO_ID":"H85200001F0630071","BUILDING_ID":"H85200001","FLOOR_ID":"H85200001F06","POI_ID":"H85200001F0630071","NAME":"哺乳室","CATEGORY_ID":25025,"COLOR":25025,"FLOOR_INDEX":6,"FLOOR_NAME":"F6"},"geometry":{"x":1525.5111999996006,"y":548.18320000171661}},{"attributes":{"OBJECTID":76,"GEO_ID":"H85200001F0630072","BUILDING_ID":"H85200001","FLOOR_ID":"H85200001F06","POI_ID":"H85200001F0630072","NAME":"卫生间","CATEGORY_ID":25118,"COLOR":25118,"FLOOR_INDEX":6,"FLOOR_NAME":"F6"},"geometry":{"x":1484.8442000001669,"y":530.14930000156164}},{"attributes":{"OBJECTID":77,"GEO_ID":"H85200001F0630073","BUILDING_ID":"H85200001","FLOOR_ID":"H85200001F06","POI_ID":"H85200001F0630073","NAME":"楼梯","CATEGORY_ID":25134,"COLOR":25134,"FLOOR_INDEX":6,"FLOOR_NAME":"F6"},"geometry":{"x":1462.0821999981999,"y":531.27030000090599}},{"attributes":{"OBJECTID":78,"GEO_ID":"H85200001F0630074","BUILDING_ID":"H85200001","FLOOR_ID":"H85200001F06","POI_ID":"H85200001F0630074","NAME":"电梯","CATEGORY_ID":25136,"COLOR":25136,"FLOOR_INDEX":6,"FLOOR_NAME":"F6"},"geometry":{"x":1467.8951999992132,"y":531.27030000090599}},{"attributes":{"OBJECTID":79,"GEO_ID":"H85200001F0630075","BUILDING_ID":"H85200001","FLOOR_ID":"H85200001F06","POI_ID":"H85200001F0630075","NAME":"电梯","CATEGORY_ID":25136,"COLOR":25136,"FLOOR_INDEX":6,"FLOOR_NAME":"F6"},"geometry":{"x":1396.6501999981701,"y":548.70030000060797}},{"attributes":{"OBJECTID":80,"GEO_ID":"H85200001F0630076","BUILDING_ID":"H85200001","FLOOR_ID":"H85200001F06","POI_ID":"H85200001F0630076","NAME":"电梯","CATEGORY_ID":25136,"COLOR":25136,"FLOOR_INDEX":6,"FLOOR_NAME":"F6"},"geometry":{"x":1396.5672000013292,"y":531.30220000073314}},{"attributes":{"OBJECTID":81,"GEO_ID":"H85200001F0630077","BUILDING_ID":"H85200001","FLOOR_ID":"H85200001F06","POI_ID":"H85200001F0630077","NAME":"扶梯","CATEGORY_ID":25135,"COLOR":25135,"FLOOR_INDEX":6,"FLOOR_NAME":"F6"},"geometry":{"x":1374.8832000009716,"y":531.47120000049472}},{"attributes":{"OBJECTID":82,"GEO_ID":"H85200001F0630078","BUILDING_ID":"H85200001","FLOOR_ID":"H85200001F06","POI_ID":"H85200001F0630078","NAME":"电梯","CATEGORY_ID":25136,"COLOR":25136,"FLOOR_INDEX":6,"FLOOR_NAME":"F6"},"geometry":{"x":1354.6281999982893,"y":531.89130000025034}},{"attributes":{"OBJECTID":83,"GEO_ID":"H85200001F0630079","BUILDING_ID":"H85200001","FLOOR_ID":"H85200001F06","POI_ID":"H85200001F0630079","NAME":"卫生间","CATEGORY_ID":25118,"COLOR":25118,"FLOOR_INDEX":6,"FLOOR_NAME":"F6"},"geometry":{"x":1353.7661999985576,"y":549.80029999837279}},{"attributes":{"OBJECTID":84,"GEO_ID":"H85200001F0630080","BUILDING_ID":"H85200001","FLOOR_ID":"H85200001F06","POI_ID":"H85200001F0630080","NAME":"卫生间","CATEGORY_ID":25118,"COLOR":25118,"FLOOR_INDEX":6,"FLOOR_NAME":"F6"},"geometry":{"x":1322.8321999981999,"y":530.18620000034571}},{"attributes":{"OBJECTID":85,"GEO_ID":"H85200001F0630081","BUILDING_ID":"H85200001","FLOOR_ID":"H85200001F06","POI_ID":"H85200001F0630081","NAME":"通济隆外币兑换自动汇员机","CATEGORY_ID":25031,"COLOR":25031,"FLOOR_INDEX":6,"FLOOR_NAME":"F6"},"geometry":{"x":1381.6061999984086,"y":548.36419999971986}},{"attributes":{"OBJECTID":86,"GEO_ID":"H85200001F0630082","BUILDING_ID":"H85200001","FLOOR_ID":"H85200001F06","POI_ID":"H85200001F0630082","NAME":"卫生间","CATEGORY_ID":25118,"COLOR":25118,"FLOOR_INDEX":6,"FLOOR_NAME":"F6"},"geometry":{"x":1209.7631999999285,"y":549.77329999953508}},{"attributes":{"OBJECTID":87,"GEO_ID":"H85200001F0630083","BUILDING_ID":"H85200001","FLOOR_ID":"H85200001F06","POI_ID":"H85200001F0630083","NAME":"残障洗手间","CATEGORY_ID":25015,"COLOR":25015,"FLOOR_INDEX":6,"FLOOR_NAME":"F6"},"geometry":{"x":1219.5681999996305,"y":551.31430000066757}},{"attributes":{"OBJECTID":88,"GEO_ID":"H85200001F0630084","BUILDING_ID":"H85200001","FLOOR_ID":"H85200001F06","POI_ID":"H85200001F0630084","NAME":"哺乳室","CATEGORY_ID":25025,"COLOR":25025,"FLOOR_INDEX":6,"FLOOR_NAME":"F6"},"geometry":{"x":1219.5681999996305,"y":548.16230000182986}},{"attributes":{"OBJECTID":89,"GEO_ID":"H85200001F0630085","BUILDING_ID":"H85200001","FLOOR_ID":"H85200001F06","POI_ID":"H85200001F0630085","NAME":"卫生间","CATEGORY_ID":25118,"COLOR":25118,"FLOOR_INDEX":6,"FLOOR_NAME":"F6"},"geometry":{"x":1179.034200001508,"y":530.1913000009954}},{"attributes":{"OBJECTID":90,"GEO_ID":"H85200001F0630086","BUILDING_ID":"H85200001","FLOOR_ID":"H85200001F06","POI_ID":"H85200001F0630086","NAME":"电梯","CATEGORY_ID":25136,"COLOR":25136,"FLOOR_INDEX":6,"FLOOR_NAME":"F6"},"geometry":{"x":1168.2201999984682,"y":531.76029999926686}},{"attributes":{"OBJECTID":91,"GEO_ID":"H85200001F0630087","BUILDING_ID":"H85200001","FLOOR_ID":"H85200001F06","POI_ID":"H85200001F0630087","NAME":"电梯","CATEGORY_ID":25136,"COLOR":25136,"FLOOR_INDEX":6,"FLOOR_NAME":"F6"},"geometry":{"x":1143.58920000121,"y":531.22830000147223}},{"attributes":{"OBJECTID":92,"GEO_ID":"H85200001F0630088","BUILDING_ID":"H85200001","FLOOR_ID":"H85200001F06","POI_ID":"H85200001F0630088","NAME":"楼梯","CATEGORY_ID":25134,"COLOR":25134,"FLOOR_INDEX":6,"FLOOR_NAME":"F6"},"geometry":{"x":1138.0001999996603,"y":531.26920000091195}},{"attributes":{"OBJECTID":93,"GEO_ID":"H85200001F0630089","BUILDING_ID":"H85200001","FLOOR_ID":"H85200001F06","POI_ID":"H85200001F0630089","NAME":"电梯","CATEGORY_ID":25136,"COLOR":25136,"FLOOR_INDEX":6,"FLOOR_NAME":"F6"},"geometry":{"x":1081.3152000010014,"y":552.60720000043511}},{"attributes":{"OBJECTID":94,"GEO_ID":"H85200001F0630090","BUILDING_ID":"H85200001","FLOOR_ID":"H85200001F06","POI_ID":"H85200001F0630090","NAME":"电梯","CATEGORY_ID":25136,"COLOR":25136,"FLOOR_INDEX":6,"FLOOR_NAME":"F6"},"geometry":{"x":1081.3991999998689,"y":548.65729999914765}},{"attributes":{"OBJECTID":95,"GEO_ID":"H85200001F0630091","BUILDING_ID":"H85200001","FLOOR_ID":"H85200001F06","POI_ID":"H85200001F0630091","NAME":"电梯","CATEGORY_ID":25136,"COLOR":25136,"FLOOR_INDEX":6,"FLOOR_NAME":"F6"},"geometry":{"x":1081.3991999998689,"y":531.76419999822974}},{"attributes":{"OBJECTID":96,"GEO_ID":"H85200001F0630092","BUILDING_ID":"H85200001","FLOOR_ID":"H85200001F06","POI_ID":"H85200001F0630092","NAME":"电梯","CATEGORY_ID":25136,"COLOR":25136,"FLOOR_INDEX":6,"FLOOR_NAME":"F6"},"geometry":{"x":1081.3152000010014,"y":527.47830000147223}},{"attributes":{"OBJECTID":97,"GEO_ID":"H85200001F0630093","BUILDING_ID":"H85200001","FLOOR_ID":"H85200001F06","POI_ID":"H85200001F0630093","NAME":"扶梯","CATEGORY_ID":25135,"COLOR":25135,"FLOOR_INDEX":6,"FLOOR_NAME":"F6"},"geometry":{"x":1067.952199999243,"y":532.01630000025034}},{"attributes":{"OBJECTID":98,"GEO_ID":"H85200001F0630094","BUILDING_ID":"H85200001","FLOOR_ID":"H85200001F06","POI_ID":"H85200001F0630094","NAME":"电梯","CATEGORY_ID":25136,"COLOR":25136,"FLOOR_INDEX":6,"FLOOR_NAME":"F6"},"geometry":{"x":1054.1501999981701,"y":584.75919999927282}},{"attributes":{"OBJECTID":99,"GEO_ID":"H85200001F0630095","BUILDING_ID":"H85200001","FLOOR_ID":"H85200001F06","POI_ID":"H85200001F0630095","NAME":"楼梯","CATEGORY_ID":25134,"COLOR":25134,"FLOOR_INDEX":6,"FLOOR_NAME":"F6"},"geometry":{"x":1062.9411999993026,"y":578.53429999947548}},{"attributes":{"OBJECTID":100,"GEO_ID":"H85200001F0630096","BUILDING_ID":"H85200001","FLOOR_ID":"H85200001F06","POI_ID":"H85200001F0630096","NAME":"通济隆外币兑换自动汇员机","CATEGORY_ID":25031,"COLOR":25031,"FLOOR_INDEX":6,"FLOOR_NAME":"F6"},"geometry":{"x":1052.0511999987066,"y":587.50530000030994}},{"attributes":{"OBJECTID":101,"GEO_ID":"H85200001F0630097","BUILDING_ID":"H85200001","FLOOR_ID":"H85200001F06","POI_ID":"H85200001F0630097","NAME":"楼梯","CATEGORY_ID":25134,"COLOR":25134,"FLOOR_INDEX":6,"FLOOR_NAME":"F6"},"geometry":{"x":1043.2261999994516,"y":598.79720000177622}},{"attributes":{"OBJECTID":102,"GEO_ID":"H85200001F0630098","BUILDING_ID":"H85200001","FLOOR_ID":"H85200001F06","POI_ID":"H85200001F0630098","NAME":"电梯","CATEGORY_ID":25136,"COLOR":25136,"FLOOR_INDEX":6,"FLOOR_NAME":"F6"},"geometry":{"x":965.73319999873638,"y":673.07629999890924}},{"attributes":{"OBJECTID":103,"GEO_ID":"H85200001F0630099","BUILDING_ID":"H85200001","FLOOR_ID":"H85200001F06","POI_ID":"H85200001F0630099","NAME":"卫生间","CATEGORY_ID":25118,"COLOR":25118,"FLOOR_INDEX":6,"FLOOR_NAME":"F6"},"geometry":{"x":883.62420000135899,"y":757.56030000001192}},{"attributes":{"OBJECTID":104,"GEO_ID":"H85200001F0630100","BUILDING_ID":"H85200001","FLOOR_ID":"H85200001F06","POI_ID":"H85200001F0630100","NAME":"哺乳室","CATEGORY_ID":25025,"COLOR":25025,"FLOOR_INDEX":6,"FLOOR_NAME":"F6"},"geometry":{"x":876.62020000070333,"y":759.01630000025034}},{"attributes":{"OBJECTID":105,"GEO_ID":"H85200001F0630101","BUILDING_ID":"H85200001","FLOOR_ID":"H85200001F06","POI_ID":"H85200001F0630101","NAME":"残障洗手间","CATEGORY_ID":25015,"COLOR":25015,"FLOOR_INDEX":6,"FLOOR_NAME":"F6"},"geometry":{"x":884.29619999974966,"y":751.34030000120401}},{"attributes":{"OBJECTID":106,"GEO_ID":"H85200001F0630102","BUILDING_ID":"H85200001","FLOOR_ID":"H85200001F06","POI_ID":"H85200001F0630102","NAME":"卫生间","CATEGORY_ID":25118,"COLOR":25118,"FLOOR_INDEX":6,"FLOOR_NAME":"F6"},"geometry":{"x":784.18820000067353,"y":826.74729999899864}},{"attributes":{"OBJECTID":107,"GEO_ID":"H85200001F0630103","BUILDING_ID":"H85200001","FLOOR_ID":"H85200001F06","POI_ID":"H85200001F0630103","NAME":"哺乳室","CATEGORY_ID":25025,"COLOR":25025,"FLOOR_INDEX":6,"FLOOR_NAME":"F6"},"geometry":{"x":783.51619999855757,"y":833.26130000129342}},{"attributes":{"OBJECTID":108,"GEO_ID":"H85200001F0630104","BUILDING_ID":"H85200001","FLOOR_ID":"H85200001F06","POI_ID":"H85200001F0630104","NAME":"残障洗手间","CATEGORY_ID":25015,"COLOR":25015,"FLOOR_INDEX":6,"FLOOR_NAME":"F6"},"geometry":{"x":791.12220000103116,"y":825.73820000141859}},{"attributes":{"OBJECTID":109,"GEO_ID":"H85200001F0630105","BUILDING_ID":"H85200001","FLOOR_ID":"H85200001F06","POI_ID":"H85200001F0630105","NAME":"电梯","CATEGORY_ID":25136,"COLOR":25136,"FLOOR_INDEX":6,"FLOOR_NAME":"F6"},"geometry":{"x":809.40419999882579,"y":801.65929999947548}},{"attributes":{"OBJECTID":110,"GEO_ID":"H85200001F0630106","BUILDING_ID":"H85200001","FLOOR_ID":"H85200001F06","POI_ID":"H85200001F0630106","NAME":"扶梯","CATEGORY_ID":25135,"COLOR":25135,"FLOOR_INDEX":6,"FLOOR_NAME":"F6"},"geometry":{"x":840.73220000043511,"y":772.68730000033975}},{"attributes":{"OBJECTID":111,"GEO_ID":"H85200001F0630107","BUILDING_ID":"H85200001","FLOOR_ID":"H85200001F06","POI_ID":"H85200001F0630107","NAME":"电梯","CATEGORY_ID":25136,"COLOR":25136,"FLOOR_INDEX":6,"FLOOR_NAME":"F6"},"geometry":{"x":846.02719999849796,"y":767.35029999911785}},{"attributes":{"OBJECTID":112,"GEO_ID":"H85200001F0630108","BUILDING_ID":"H85200001","FLOOR_ID":"H85200001F06","POI_ID":"H85200001F0630108","NAME":"扶梯","CATEGORY_ID":25135,"COLOR":25135,"FLOOR_INDEX":6,"FLOOR_NAME":"F6"},"geometry":{"x":874.62620000168681,"y":739.29919999837875}},{"attributes":{"OBJECTID":113,"GEO_ID":"H85200001F0630109","BUILDING_ID":"H85200001","FLOOR_ID":"H85200001F06","POI_ID":"H85200001F0630109","NAME":"电梯","CATEGORY_ID":25136,"COLOR":25136,"FLOOR_INDEX":6,"FLOOR_NAME":"F6"},"geometry":{"x":882.22520000115037,"y":731.35020000115037}},{"attributes":{"OBJECTID":114,"GEO_ID":"H85200001F0630110","BUILDING_ID":"H85200001","FLOOR_ID":"H85200001F06","POI_ID":"H85200001F0630110","NAME":"电梯","CATEGORY_ID":25136,"COLOR":25136,"FLOOR_INDEX":6,"FLOOR_NAME":"F6"},"geometry":{"x":918.007199998945,"y":695.40129999816418}},{"attributes":{"OBJECTID":115,"GEO_ID":"H85200001F0630111","BUILDING_ID":"H85200001","FLOOR_ID":"H85200001F06","POI_ID":"H85200001F0630111","NAME":"扶梯","CATEGORY_ID":25135,"COLOR":25135,"FLOOR_INDEX":6,"FLOOR_NAME":"F6"},"geometry":{"x":912.19319999963045,"y":701.19819999858737}},{"attributes":{"OBJECTID":116,"GEO_ID":"H85200001F0630112","BUILDING_ID":"H85200001","FLOOR_ID":"H85200001F06","POI_ID":"H85200001F0630112","NAME":"卫生间","CATEGORY_ID":25118,"COLOR":25118,"FLOOR_INDEX":6,"FLOOR_NAME":"F6"},"geometry":{"x":963.99720000103116,"y":647.04529999941587}},{"attributes":{"OBJECTID":117,"GEO_ID":"H85200001F0630113","BUILDING_ID":"H85200001","FLOOR_ID":"H85200001F06","POI_ID":"H85200001F0630113","NAME":"残障洗手间","CATEGORY_ID":25015,"COLOR":25015,"FLOOR_INDEX":6,"FLOOR_NAME":"F6"},"geometry":{"x":963.3251999989152,"y":653.26429999992251}},{"attributes":{"OBJECTID":118,"GEO_ID":"H85200001F0630114","BUILDING_ID":"H85200001","FLOOR_ID":"H85200001F06","POI_ID":"H85200001F0630114","NAME":"哺乳室","CATEGORY_ID":25025,"COLOR":25025,"FLOOR_INDEX":6,"FLOOR_NAME":"F6"},"geometry":{"x":971.26720000058413,"y":645.32229999825358}},{"attributes":{"OBJECTID":119,"GEO_ID":"H85200001F0630115","BUILDING_ID":"H85200001","FLOOR_ID":"H85200001F06","POI_ID":"H85200001F0630115","NAME":"楼梯","CATEGORY_ID":25134,"COLOR":25134,"FLOOR_INDEX":6,"FLOOR_NAME":"F6"},"geometry":{"x":996.93620000034571,"y":613.88120000064373}},{"attributes":{"OBJECTID":120,"GEO_ID":"H85200001F0630116","BUILDING_ID":"H85200001","FLOOR_ID":"H85200001F06","POI_ID":"H85200001F0630116","NAME":"扶梯","CATEGORY_ID":25135,"COLOR":25135,"FLOOR_INDEX":6,"FLOOR_NAME":"F6"},"geometry":{"x":1036.8612000010908,"y":589.30730000138283}},{"attributes":{"OBJECTID":121,"GEO_ID":"H85200001F0630117","BUILDING_ID":"H85200001","FLOOR_ID":"H85200001F06","POI_ID":"H85200001F0630117","NAME":"卫生间","CATEGORY_ID":25118,"COLOR":25118,"FLOOR_INDEX":6,"FLOOR_NAME":"F6"},"geometry":{"x":1037.6732000000775,"y":561.42520000040531}},{"attributes":{"OBJECTID":122,"GEO_ID":"H85200001F0630118","BUILDING_ID":"H85200001","FLOOR_ID":"H85200001F06","POI_ID":"H85200001F0630118","NAME":"残障洗手间","CATEGORY_ID":25015,"COLOR":25015,"FLOOR_INDEX":6,"FLOOR_NAME":"F6"},"geometry":{"x":1033.6812000013888,"y":558.48319999873638}},{"attributes":{"OBJECTID":123,"GEO_ID":"H85200001F0630119","BUILDING_ID":"H85200001","FLOOR_ID":"H85200001F06","POI_ID":"H85200001F0630119","NAME":"楼梯","CATEGORY_ID":25134,"COLOR":25134,"FLOOR_INDEX":6,"FLOOR_NAME":"F6"},"geometry":{"x":1027.3612000010908,"y":559.778299998492}},{"attributes":{"OBJECTID":124,"GEO_ID":"H85200001F0630120","BUILDING_ID":"H85200001","FLOOR_ID":"H85200001F06","POI_ID":"H85200001F0630120","NAME":"电梯","CATEGORY_ID":25136,"COLOR":25136,"FLOOR_INDEX":6,"FLOOR_NAME":"F6"},"geometry":{"x":1033.6752000004053,"y":504.24529999867082}},{"attributes":{"OBJECTID":125,"GEO_ID":"H85200001F0630121","BUILDING_ID":"H85200001","FLOOR_ID":"H85200001F06","POI_ID":"H85200001F0630121","NAME":"电梯","CATEGORY_ID":25136,"COLOR":25136,"FLOOR_INDEX":6,"FLOOR_NAME":"F6"},"geometry":{"x":1029.9781999997795,"y":504.284200001508}},{"attributes":{"OBJECTID":126,"GEO_ID":"H85200001F0630122","BUILDING_ID":"H85200001","FLOOR_ID":"H85200001F06","POI_ID":"H85200001F0630122","NAME":"扶梯","CATEGORY_ID":25135,"COLOR":25135,"FLOOR_INDEX":6,"FLOOR_NAME":"F6"},"geometry":{"x":1040.2001999989152,"y":539.94819999858737}},{"attributes":{"OBJECTID":127,"GEO_ID":"H85200001F0630123","BUILDING_ID":"H85200001","FLOOR_ID":"H85200001F06","POI_ID":"H85200001F0630123","NAME":"楼梯","CATEGORY_ID":25134,"COLOR":25134,"FLOOR_INDEX":6,"FLOOR_NAME":"F6"},"geometry":{"x":1027.1031999997795,"y":520.44929999858141}},{"attributes":{"OBJECTID":128,"GEO_ID":"H85200001F0630124","BUILDING_ID":"H85200001","FLOOR_ID":"H85200001F06","POI_ID":"H85200001F0630124","NAME":"残障洗手间","CATEGORY_ID":25015,"COLOR":25015,"FLOOR_INDEX":6,"FLOOR_NAME":"F6"},"geometry":{"x":1033.659200001508,"y":521.96220000088215}},{"attributes":{"OBJECTID":129,"GEO_ID":"H85200001F0630125","BUILDING_ID":"H85200001","FLOOR_ID":"H85200001F06","POI_ID":"H85200001F0630125","NAME":"卫生间","CATEGORY_ID":25118,"COLOR":25118,"FLOOR_INDEX":6,"FLOOR_NAME":"F6"},"geometry":{"x":1037.6931999996305,"y":519.10530000180006}},{"attributes":{"OBJECTID":130,"GEO_ID":"H85200001F0630126","BUILDING_ID":"H85200001","FLOOR_ID":"H85200001F06","POI_ID":"H85200001F0630126","NAME":"扶梯","CATEGORY_ID":25135,"COLOR":25135,"FLOOR_INDEX":6,"FLOOR_NAME":"F6"},"geometry":{"x":1037.3572000004351,"y":491.75519999861717}},{"attributes":{"OBJECTID":131,"GEO_ID":"H85200001F0630127","BUILDING_ID":"H85200001","FLOOR_ID":"H85200001F06","POI_ID":"H85200001F0630127","NAME":"电梯","CATEGORY_ID":25136,"COLOR":25136,"FLOOR_INDEX":6,"FLOOR_NAME":"F6"},"geometry":{"x":1053.7351999990642,"y":495.92119999974966}},{"attributes":{"OBJECTID":132,"GEO_ID":"H85200001F0630128","BUILDING_ID":"H85200001","FLOOR_ID":"H85200001F06","POI_ID":"H85200001F0630128","NAME":"通济隆外币兑换自动汇员机","CATEGORY_ID":25031,"COLOR":25031,"FLOOR_INDEX":6,"FLOOR_NAME":"F6"},"geometry":{"x":1052.3531999997795,"y":492.76119999960065}},{"attributes":{"OBJECTID":133,"GEO_ID":"H85200001F0630129","BUILDING_ID":"H85200001","FLOOR_ID":"H85200001F06","POI_ID":"H85200001F0630129","NAME":"楼梯","CATEGORY_ID":25134,"COLOR":25134,"FLOOR_INDEX":6,"FLOOR_NAME":"F6"},"geometry":{"x":1043.5251999981701,"y":481.80330000072718}},{"attributes":{"OBJECTID":134,"GEO_ID":"H85200001F0630130","BUILDING_ID":"H85200001","FLOOR_ID":"H85200001F06","POI_ID":"H85200001F0630130","NAME":"楼梯","CATEGORY_ID":25134,"COLOR":25134,"FLOOR_INDEX":6,"FLOOR_NAME":"F6"},"geometry":{"x":997.02719999849796,"y":466.6072999984026}},{"attributes":{"OBJECTID":135,"GEO_ID":"H85200001F0630131","BUILDING_ID":"H85200001","FLOOR_ID":"H85200001F06","POI_ID":"H85200001F0630131","NAME":"卫生间","CATEGORY_ID":25118,"COLOR":25118,"FLOOR_INDEX":6,"FLOOR_NAME":"F6"},"geometry":{"x":963.33720000088215,"y":431.99520000070333}},{"attributes":{"OBJECTID":136,"GEO_ID":"H85200001F0630132","BUILDING_ID":"H85200001","FLOOR_ID":"H85200001F06","POI_ID":"H85200001F0630132","NAME":"哺乳室","CATEGORY_ID":25025,"COLOR":25025,"FLOOR_INDEX":6,"FLOOR_NAME":"F6"},"geometry":{"x":969.89220000058413,"y":438.55029999837279}},{"attributes":{"OBJECTID":137,"GEO_ID":"H85200001F0630133","BUILDING_ID":"H85200001","FLOOR_ID":"H85200001F06","POI_ID":"H85200001F0630133","NAME":"卫生间","CATEGORY_ID":25118,"COLOR":25118,"FLOOR_INDEX":6,"FLOOR_NAME":"F6"},"geometry":{"x":958.02919999882579,"y":397.59620000049472}},{"attributes":{"OBJECTID":138,"GEO_ID":"H85200001F0630134","BUILDING_ID":"H85200001","FLOOR_ID":"H85200001F06","POI_ID":"H85200001F0630134","NAME":"电梯","CATEGORY_ID":25136,"COLOR":25136,"FLOOR_INDEX":6,"FLOOR_NAME":"F6"},"geometry":{"x":928.59519999846816,"y":395.7542000003159}},{"attributes":{"OBJECTID":139,"GEO_ID":"H85200001F0630135","BUILDING_ID":"H85200001","FLOOR_ID":"H85200001F06","POI_ID":"H85200001F0630135","NAME":"扶梯","CATEGORY_ID":25135,"COLOR":25135,"FLOOR_INDEX":6,"FLOOR_NAME":"F6"},"geometry":{"x":912.85819999873638,"y":379.46130000054836}},{"attributes":{"OBJECTID":140,"GEO_ID":"H85200001F0630136","BUILDING_ID":"H85200001","FLOOR_ID":"H85200001F06","POI_ID":"H85200001F0630136","NAME":"电梯","CATEGORY_ID":25136,"COLOR":25136,"FLOOR_INDEX":6,"FLOOR_NAME":"F6"},"geometry":{"x":897.14119999855757,"y":364.25030000135303}},{"attributes":{"OBJECTID":141,"GEO_ID":"H85200001F0630137","BUILDING_ID":"H85200001","FLOOR_ID":"H85200001F06","POI_ID":"H85200001F0630137","NAME":"电梯","CATEGORY_ID":25136,"COLOR":25136,"FLOOR_INDEX":6,"FLOOR_NAME":"F6"},"geometry":{"x":914.64620000123978,"y":356.23429999873042}},{"attributes":{"OBJECTID":142,"GEO_ID":"H85200001F0630138","BUILDING_ID":"H85200001","FLOOR_ID":"H85200001F06","POI_ID":"H85200001F0630138","NAME":"残障洗手间","CATEGORY_ID":25015,"COLOR":25015,"FLOOR_INDEX":6,"FLOOR_NAME":"F6"},"geometry":{"x":860.62319999933243,"y":331.98030000180006}},{"attributes":{"OBJECTID":143,"GEO_ID":"H85200001F0630139","BUILDING_ID":"H85200001","FLOOR_ID":"H85200001F06","POI_ID":"H85200001F0630139","NAME":"哺乳室","CATEGORY_ID":25025,"COLOR":25025,"FLOOR_INDEX":6,"FLOOR_NAME":"F6"},"geometry":{"x":863.04019999876618,"y":329.56320000067353}},{"attributes":{"OBJECTID":144,"GEO_ID":"H85200001F0630140","BUILDING_ID":"H85200001","FLOOR_ID":"H85200001F06","POI_ID":"H85200001F0630140","NAME":"卫生间","CATEGORY_ID":25118,"COLOR":25118,"FLOOR_INDEX":6,"FLOOR_NAME":"F6"},"geometry":{"x":854.53020000085235,"y":323.22520000115037}},{"attributes":{"OBJECTID":145,"GEO_ID":"H85200001F0630141","BUILDING_ID":"H85200001","FLOOR_ID":"H85200001F06","POI_ID":"H85200001F0630141","NAME":"电梯","CATEGORY_ID":25136,"COLOR":25136,"FLOOR_INDEX":6,"FLOOR_NAME":"F6"},"geometry":{"x":840.22219999879599,"y":282.45430000126362}},{"attributes":{"OBJECTID":146,"GEO_ID":"H85200001F0630142","BUILDING_ID":"H85200001","FLOOR_ID":"H85200001F06","POI_ID":"H85200001F0630142","NAME":"卫生间","CATEGORY_ID":25118,"COLOR":25118,"FLOOR_INDEX":6,"FLOOR_NAME":"F6"},"geometry":{"x":850.58219999819994,"y":290.16330000013113}},{"attributes":{"OBJECTID":147,"GEO_ID":"H85200001F0630143","BUILDING_ID":"H85200001","FLOOR_ID":"H85200001F06","POI_ID":"H85200001F0630143","NAME":"汇丰银行ATM","CATEGORY_ID":25020,"COLOR":25020,"FLOOR_INDEX":6,"FLOOR_NAME":"F6"},"geometry":{"x":1015.6931999996305,"y":487.67520000040531}},{"attributes":{"OBJECTID":148,"GEO_ID":"H85200001F0630144","BUILDING_ID":"H85200001","FLOOR_ID":"H85200001F06","POI_ID":"H85200001F0630144","NAME":"电梯","CATEGORY_ID":25136,"COLOR":25136,"FLOOR_INDEX":6,"FLOOR_NAME":"F6"},"geometry":{"x":1848.9781999997795,"y":877.78429999947548}},{"attributes":{"OBJECTID":149,"GEO_ID":"H85200001F0630145","BUILDING_ID":"H85200001","FLOOR_ID":"H85200001F06","POI_ID":"H85200001F0630145","NAME":"电梯","CATEGORY_ID":25136,"COLOR":25136,"FLOOR_INDEX":6,"FLOOR_NAME":"F6"},"geometry":{"x":1849.1162000000477,"y":872.45630000159144}},{"attributes":{"OBJECTID":150,"GEO_ID":"H85200001F0630146","BUILDING_ID":"H85200001","FLOOR_ID":"H85200001F06","POI_ID":"H85200001F0630146","NAME":"楼梯","CATEGORY_ID":25134,"COLOR":25134,"FLOOR_INDEX":6,"FLOOR_NAME":"F6"},"geometry":{"x":1849.862199999392,"y":864.26419999822974}},{"attributes":{"OBJECTID":151,"GEO_ID":"H85200001F0630147","BUILDING_ID":"H85200001","FLOOR_ID":"H85200001F06","POI_ID":"H85200001F0630147","NAME":"电梯","CATEGORY_ID":25136,"COLOR":25136,"FLOOR_INDEX":6,"FLOOR_NAME":"F6"},"geometry":{"x":1829.3891999982297,"y":855.28429999947548}},{"attributes":{"OBJECTID":152,"GEO_ID":"H85200001F0630148","BUILDING_ID":"H85200001","FLOOR_ID":"H85200001F06","POI_ID":"H85200001F0630148","NAME":"楼梯","CATEGORY_ID":25134,"COLOR":25134,"FLOOR_INDEX":6,"FLOOR_NAME":"F6"},"geometry":{"x":1063.0551999993622,"y":501.92920000106096}},{"attributes":{"OBJECTID":153,"GEO_ID":"H85200001F0630149","BUILDING_ID":"H85200001","FLOOR_ID":"H85200001F06","POI_ID":"H85200001F0630149","NAME":"楼梯","CATEGORY_ID":25134,"COLOR":25134,"FLOOR_INDEX":6,"FLOOR_NAME":"F6"},"geometry":{"x":1749.8603999987245,"y":584.48079999908805}},{"attributes":{"OBJECTID":154,"GEO_ID":"H85200001F0630150","BUILDING_ID":"H85200001","FLOOR_ID":"H85200001F06","POI_ID":"H85200001F0630150","NAME":"电梯","CATEGORY_ID":25136,"COLOR":25136,"FLOOR_INDEX":6,"FLOOR_NAME":"F6"},"geometry":{"x":1030.1616999991238,"y":576.31190000101924}},{"attributes":{"OBJECTID":155,"GEO_ID":"H85200001F0630151","BUILDING_ID":"H85200001","FLOOR_ID":"H85200001F06","POI_ID":"H85200001F0630151","NAME":"电梯","CATEGORY_ID":25136,"COLOR":25136,"FLOOR_INDEX":6,"FLOOR_NAME":"F6"},"geometry":{"x":1034.1304999999702,"y":576.23259999975562}},{"attributes":{"OBJECTID":156,"GEO_ID":"H85200001F0630152","BUILDING_ID":"H85200001","FLOOR_ID":"H85200001F06","POI_ID":"H85200001F0630152","NAME":"楼梯","CATEGORY_ID":25134,"COLOR":25134,"FLOOR_INDEX":6,"FLOOR_NAME":"F6"},"geometry":{"x":1026.2910999991,"y":500.0093000009656}},{"attributes":{"OBJECTID":157,"GEO_ID":"H85200001F0630153","BUILDING_ID":"H85200001","FLOOR_ID":"H85200001F06","POI_ID":"H85200001F0630153","NAME":"电梯","CATEGORY_ID":25136,"COLOR":25136,"FLOOR_INDEX":6,"FLOOR_NAME":"F6"},"geometry":{"x":857.7331000007689,"y":781.03920000046492}}]}