{"displayFieldName":"","fieldAliases":{"OBJECTID":"OBJECTID","GEO_ID":"GEO_ID","BUILDING_ID":"BUILDING_ID","FLOOR_ID":"FLOOR_ID","POI_ID":"POI_ID","NAME":"NAME","CATEGORY_ID":"CATEGORY_ID","COLOR":"COLOR","FLOOR_INDEX":"FLOOR_INDEX","FLOOR_NAME":"FLOOR_NAME"},"geometryType":"esriGeometryPoint","spatialReference":{"wkid":3395,"latestWkid":3395},"fields":[{"name":"OBJECTID","type":"esriFieldTypeOID","alias":"OBJECTID"},{"name":"GEO_ID","type":"esriFieldTypeString","alias":"GEO_ID","length":50},{"name":"BUILDING_ID","type":"esriFieldTypeString","alias":"BUILDING_ID","length":50},{"name":"FLOOR_ID","type":"esriFieldTypeString","alias":"FLOOR_ID","length":50},{"name":"POI_ID","type":"esriFieldTypeString","alias":"POI_ID","length":50},{"name":"NAME","type":"esriFieldTypeString","alias":"NAME","length":50},{"name":"CATEGORY_ID","type":"esriFieldTypeSmallInteger","alias":"CATEGORY_ID"},{"name":"COLOR","type":"esriFieldTypeSmallInteger","alias":"COLOR"},{"name":"FLOOR_INDEX","type":"esriFieldTypeSmallInteger","alias":"FLOOR_INDEX"},{"name":"FLOOR_NAME","type":"esriFieldTypeString","alias":"FLOOR_NAME","length":50}],"features":[{"attributes":{"OBJECTID":7,"GEO_ID":"H85200001F0530001","BUILDING_ID":"H85200001","FLOOR_ID":"H85200001F05","POI_ID":"H85200001F0530001","NAME":"电梯","CATEGORY_ID":25136,"COLOR":25136,"FLOOR_INDEX":5,"FLOOR_NAME":"F5"},"geometry":{"x":1848.9781999997795,"y":877.51920000091195}},{"attributes":{"OBJECTID":8,"GEO_ID":"H85200001F0530002","BUILDING_ID":"H85200001","FLOOR_ID":"H85200001F05","POI_ID":"H85200001F0530002","NAME":"电梯","CATEGORY_ID":25136,"COLOR":25136,"FLOOR_INDEX":5,"FLOOR_NAME":"F5"},"geometry":{"x":1848.9781999997795,"y":872.7542000003159}},{"attributes":{"OBJECTID":9,"GEO_ID":"H85200001F0530003","BUILDING_ID":"H85200001","FLOOR_ID":"H85200001F05","POI_ID":"H85200001F0530003","NAME":"楼梯","CATEGORY_ID":25134,"COLOR":25134,"FLOOR_INDEX":5,"FLOOR_NAME":"F5"},"geometry":{"x":1848.7131999991834,"y":865.34329999983311}},{"attributes":{"OBJECTID":10,"GEO_ID":"H85200001F0530004","BUILDING_ID":"H85200001","FLOOR_ID":"H85200001F05","POI_ID":"H85200001F0530004","NAME":"电梯","CATEGORY_ID":25136,"COLOR":25136,"FLOOR_INDEX":5,"FLOOR_NAME":"F5"},"geometry":{"x":1829.3891999982297,"y":855.28429999947548}},{"attributes":{"OBJECTID":11,"GEO_ID":"H85200001F0530005","BUILDING_ID":"H85200001","FLOOR_ID":"H85200001F05","POI_ID":"H85200001F0530005","NAME":"扶梯","CATEGORY_ID":25135,"COLOR":25135,"FLOOR_INDEX":5,"FLOOR_NAME":"F5"},"geometry":{"x":1824.3601999990642,"y":728.22520000115037}},{"attributes":{"OBJECTID":12,"GEO_ID":"H85200001F0530006","BUILDING_ID":"H85200001","FLOOR_ID":"H85200001F05","POI_ID":"H85200001F0530006","NAME":"卫生间","CATEGORY_ID":25118,"COLOR":25118,"FLOOR_INDEX":5,"FLOOR_NAME":"F5"},"geometry":{"x":1830.0571999996901,"y":684.44629999995232}},{"attributes":{"OBJECTID":13,"GEO_ID":"H85200001F0530007","BUILDING_ID":"H85200001","FLOOR_ID":"H85200001F05","POI_ID":"H85200001F0530007","NAME":"卫生间","CATEGORY_ID":25118,"COLOR":25118,"FLOOR_INDEX":5,"FLOOR_NAME":"F5"},"geometry":{"x":1830.1832000017166,"y":393.63720000162721}},{"attributes":{"OBJECTID":14,"GEO_ID":"H85200001F0530008","BUILDING_ID":"H85200001","FLOOR_ID":"H85200001F05","POI_ID":"H85200001F0530008","NAME":"澳新银行ATM","CATEGORY_ID":25020,"COLOR":25020,"FLOOR_INDEX":5,"FLOOR_NAME":"F5"},"geometry":{"x":2008.3731999993324,"y":560.07730000093579}},{"attributes":{"OBJECTID":15,"GEO_ID":"H85200001F0530009","BUILDING_ID":"H85200001","FLOOR_ID":"H85200001F05","POI_ID":"H85200001F0530009","NAME":"汇丰银行ATM","CATEGORY_ID":25020,"COLOR":25020,"FLOOR_INDEX":5,"FLOOR_NAME":"F5"},"geometry":{"x":2006.0601999983191,"y":560.11120000109076}},{"attributes":{"OBJECTID":16,"GEO_ID":"H85200001F0530010","BUILDING_ID":"H85200001","FLOOR_ID":"H85200001F05","POI_ID":"H85200001F0530010","NAME":"扶梯","CATEGORY_ID":25135,"COLOR":25135,"FLOOR_INDEX":5,"FLOOR_NAME":"F5"},"geometry":{"x":1964.4772000014782,"y":677.15929999947548}},{"attributes":{"OBJECTID":17,"GEO_ID":"H85200001F0530011","BUILDING_ID":"H85200001","FLOOR_ID":"H85200001F05","POI_ID":"H85200001F0530011","NAME":"问讯处","CATEGORY_ID":25065,"COLOR":25065,"FLOOR_INDEX":5,"FLOOR_NAME":"F5"},"geometry":{"x":1991.6541999988258,"y":522.81329999864101}},{"attributes":{"OBJECTID":18,"GEO_ID":"H85200001F0530012","BUILDING_ID":"H85200001","FLOOR_ID":"H85200001F05","POI_ID":"H85200001F0530012","NAME":"扶梯","CATEGORY_ID":25135,"COLOR":25135,"FLOOR_INDEX":5,"FLOOR_NAME":"F5"},"geometry":{"x":1972.7241999991238,"y":550.22030000016093}},{"attributes":{"OBJECTID":19,"GEO_ID":"H85200001F0530013","BUILDING_ID":"H85200001","FLOOR_ID":"H85200001F05","POI_ID":"H85200001F0530013","NAME":"扶梯","CATEGORY_ID":25135,"COLOR":25135,"FLOOR_INDEX":5,"FLOOR_NAME":"F5"},"geometry":{"x":1973.1451999992132,"y":529.6292000003159}},{"attributes":{"OBJECTID":20,"GEO_ID":"H85200001F0530014","BUILDING_ID":"H85200001","FLOOR_ID":"H85200001F05","POI_ID":"H85200001F0530014","NAME":"扶梯","CATEGORY_ID":25135,"COLOR":25135,"FLOOR_INDEX":5,"FLOOR_NAME":"F5"},"geometry":{"x":1964.3891999982297,"y":402.87029999867082}},{"attributes":{"OBJECTID":21,"GEO_ID":"H85200001F0530015","BUILDING_ID":"H85200001","FLOOR_ID":"H85200001F05","POI_ID":"H85200001F0530015","NAME":"卫生间","CATEGORY_ID":25118,"COLOR":25118,"FLOOR_INDEX":5,"FLOOR_NAME":"F5"},"geometry":{"x":1952.5111999996006,"y":394.41230000182986}},{"attributes":{"OBJECTID":22,"GEO_ID":"H85200001F0530016","BUILDING_ID":"H85200001","FLOOR_ID":"H85200001F05","POI_ID":"H85200001F0530016","NAME":"卫生间","CATEGORY_ID":25118,"COLOR":25118,"FLOOR_INDEX":5,"FLOOR_NAME":"F5"},"geometry":{"x":1925.2252000011504,"y":392.42330000177026}},{"attributes":{"OBJECTID":23,"GEO_ID":"H85200001F0530017","BUILDING_ID":"H85200001","FLOOR_ID":"H85200001F05","POI_ID":"H85200001F0530017","NAME":"卫生间","CATEGORY_ID":25118,"COLOR":25118,"FLOOR_INDEX":5,"FLOOR_NAME":"F5"},"geometry":{"x":1951.9481999985874,"y":482.04820000007749}},{"attributes":{"OBJECTID":24,"GEO_ID":"H85200001F0530018","BUILDING_ID":"H85200001","FLOOR_ID":"H85200001F05","POI_ID":"H85200001F0530018","NAME":"卫生间","CATEGORY_ID":25118,"COLOR":25118,"FLOOR_INDEX":5,"FLOOR_NAME":"F5"},"geometry":{"x":1927.687199998647,"y":540.18420000001788}},{"attributes":{"OBJECTID":25,"GEO_ID":"H85200001F0530019","BUILDING_ID":"H85200001","FLOOR_ID":"H85200001F05","POI_ID":"H85200001F0530019","NAME":"花旗银行ATM","CATEGORY_ID":25020,"COLOR":25020,"FLOOR_INDEX":5,"FLOOR_NAME":"F5"},"geometry":{"x":1955.429200001061,"y":499.18829999864101}},{"attributes":{"OBJECTID":26,"GEO_ID":"H85200001F0530020","BUILDING_ID":"H85200001","FLOOR_ID":"H85200001F05","POI_ID":"H85200001F0530020","NAME":null,"CATEGORY_ID":25031,"COLOR":25031,"FLOOR_INDEX":5,"FLOOR_NAME":"F5"},"geometry":{"x":1957.1101999990642,"y":501.31720000132918}},{"attributes":{"OBJECTID":27,"GEO_ID":"H85200001F0530021","BUILDING_ID":"H85200001","FLOOR_ID":"H85200001F05","POI_ID":"H85200001F0530021","NAME":"卫生间","CATEGORY_ID":25118,"COLOR":25118,"FLOOR_INDEX":5,"FLOOR_NAME":"F5"},"geometry":{"x":1951.9481999985874,"y":599.57829999923706}},{"attributes":{"OBJECTID":28,"GEO_ID":"H85200001F0530022","BUILDING_ID":"H85200001","FLOOR_ID":"H85200001F05","POI_ID":"H85200001F0530022","NAME":"卫生间","CATEGORY_ID":25118,"COLOR":25118,"FLOOR_INDEX":5,"FLOOR_NAME":"F5"},"geometry":{"x":1925.33920000121,"y":687.83929999917746}},{"attributes":{"OBJECTID":29,"GEO_ID":"H85200001F0530023","BUILDING_ID":"H85200001","FLOOR_ID":"H85200001F05","POI_ID":"H85200001F0530023","NAME":"卫生间","CATEGORY_ID":25118,"COLOR":25118,"FLOOR_INDEX":5,"FLOOR_NAME":"F5"},"geometry":{"x":1955.417199999094,"y":685.56129999831319}},{"attributes":{"OBJECTID":30,"GEO_ID":"H85200001F0530024","BUILDING_ID":"H85200001","FLOOR_ID":"H85200001F05","POI_ID":"H85200001F0530024","NAME":"电梯","CATEGORY_ID":25136,"COLOR":25136,"FLOOR_INDEX":5,"FLOOR_NAME":"F5"},"geometry":{"x":1989.019200000912,"y":549.77719999849796}},{"attributes":{"OBJECTID":31,"GEO_ID":"H85200001F0530025","BUILDING_ID":"H85200001","FLOOR_ID":"H85200001F05","POI_ID":"H85200001F0530025","NAME":"电梯","CATEGORY_ID":25136,"COLOR":25136,"FLOOR_INDEX":5,"FLOOR_NAME":"F5"},"geometry":{"x":1992.2122000008821,"y":549.77719999849796}},{"attributes":{"OBJECTID":32,"GEO_ID":"H85200001F0530026","BUILDING_ID":"H85200001","FLOOR_ID":"H85200001F05","POI_ID":"H85200001F0530026","NAME":"中国银行","CATEGORY_ID":25020,"COLOR":25020,"FLOOR_INDEX":5,"FLOOR_NAME":"F5"},"geometry":{"x":1949.3011999987066,"y":672.10720000043511}},{"attributes":{"OBJECTID":33,"GEO_ID":"H85200001F0530027","BUILDING_ID":"H85200001","FLOOR_ID":"H85200001F05","POI_ID":"H85200001F0530027","NAME":"扶梯","CATEGORY_ID":25135,"COLOR":25135,"FLOOR_INDEX":5,"FLOOR_NAME":"F5"},"geometry":{"x":1818.382199998945,"y":444.78530000150204}},{"attributes":{"OBJECTID":34,"GEO_ID":"H85200001F0530028","BUILDING_ID":"H85200001","FLOOR_ID":"H85200001F05","POI_ID":"H85200001F0530028","NAME":"扶梯","CATEGORY_ID":25135,"COLOR":25135,"FLOOR_INDEX":5,"FLOOR_NAME":"F5"},"geometry":{"x":1818.3662000000477,"y":635.68230000138283}},{"attributes":{"OBJECTID":35,"GEO_ID":"H85200001F0530029","BUILDING_ID":"H85200001","FLOOR_ID":"H85200001F05","POI_ID":"H85200001F0530029","NAME":"卫生间","CATEGORY_ID":25118,"COLOR":25118,"FLOOR_INDEX":5,"FLOOR_NAME":"F5"},"geometry":{"x":1786.0001999996603,"y":463.05029999837279}},{"attributes":{"OBJECTID":36,"GEO_ID":"H85200001F0530030","BUILDING_ID":"H85200001","FLOOR_ID":"H85200001F05","POI_ID":"H85200001F0530030","NAME":"楼梯","CATEGORY_ID":25134,"COLOR":25134,"FLOOR_INDEX":5,"FLOOR_NAME":"F5"},"geometry":{"x":1774.9081999994814,"y":471.39930000156164}},{"attributes":{"OBJECTID":37,"GEO_ID":"H85200001F0530031","BUILDING_ID":"H85200001","FLOOR_ID":"H85200001F05","POI_ID":"H85200001F0530031","NAME":"电梯","CATEGORY_ID":25136,"COLOR":25136,"FLOOR_INDEX":5,"FLOOR_NAME":"F5"},"geometry":{"x":1800.3311999998987,"y":447.65630000084639}},{"attributes":{"OBJECTID":38,"GEO_ID":"H85200001F0530032","BUILDING_ID":"H85200001","FLOOR_ID":"H85200001F05","POI_ID":"H85200001F0530032","NAME":"电梯","CATEGORY_ID":25136,"COLOR":25136,"FLOOR_INDEX":5,"FLOOR_NAME":"F5"},"geometry":{"x":1796.6202000007033,"y":447.51630000025034}},{"attributes":{"OBJECTID":39,"GEO_ID":"H85200001F0530033","BUILDING_ID":"H85200001","FLOOR_ID":"H85200001F05","POI_ID":"H85200001F0530033","NAME":"扶梯","CATEGORY_ID":25135,"COLOR":25135,"FLOOR_INDEX":5,"FLOOR_NAME":"F5"},"geometry":{"x":1806.929200001061,"y":439.88919999822974}},{"attributes":{"OBJECTID":40,"GEO_ID":"H85200001F0530034","BUILDING_ID":"H85200001","FLOOR_ID":"H85200001F05","POI_ID":"H85200001F0530034","NAME":"楼梯","CATEGORY_ID":25134,"COLOR":25134,"FLOOR_INDEX":5,"FLOOR_NAME":"F5"},"geometry":{"x":1751.8381999991834,"y":495.19319999963045}},{"attributes":{"OBJECTID":41,"GEO_ID":"H85200001F0530035","BUILDING_ID":"H85200001","FLOOR_ID":"H85200001F05","POI_ID":"H85200001F0530035","NAME":"楼梯","CATEGORY_ID":25134,"COLOR":25134,"FLOOR_INDEX":5,"FLOOR_NAME":"F5"},"geometry":{"x":1773.4631999991834,"y":520.9222999997437}},{"attributes":{"OBJECTID":42,"GEO_ID":"H85200001F0530036","BUILDING_ID":"H85200001","FLOOR_ID":"H85200001F05","POI_ID":"H85200001F0530036","NAME":"楼梯","CATEGORY_ID":25134,"COLOR":25134,"FLOOR_INDEX":5,"FLOOR_NAME":"F5"},"geometry":{"x":1773.6031999997795,"y":559.51229999959469}},{"attributes":{"OBJECTID":43,"GEO_ID":"H85200001F0530037","BUILDING_ID":"H85200001","FLOOR_ID":"H85200001F05","POI_ID":"H85200001F0530037","NAME":"电梯","CATEGORY_ID":25136,"COLOR":25136,"FLOOR_INDEX":5,"FLOOR_NAME":"F5"},"geometry":{"x":1794.7131999991834,"y":521.22520000115037}},{"attributes":{"OBJECTID":44,"GEO_ID":"H85200001F0530038","BUILDING_ID":"H85200001","FLOOR_ID":"H85200001F05","POI_ID":"H85200001F0530038","NAME":"电梯","CATEGORY_ID":25136,"COLOR":25136,"FLOOR_INDEX":5,"FLOOR_NAME":"F5"},"geometry":{"x":1797.6251999996603,"y":521.22520000115037}},{"attributes":{"OBJECTID":45,"GEO_ID":"H85200001F0530039","BUILDING_ID":"H85200001","FLOOR_ID":"H85200001F05","POI_ID":"H85200001F0530039","NAME":"电梯","CATEGORY_ID":25136,"COLOR":25136,"FLOOR_INDEX":5,"FLOOR_NAME":"F5"},"geometry":{"x":1800.8011999987066,"y":521.22520000115037}},{"attributes":{"OBJECTID":46,"GEO_ID":"H85200001F0530040","BUILDING_ID":"H85200001","FLOOR_ID":"H85200001F05","POI_ID":"H85200001F0530040","NAME":"电梯","CATEGORY_ID":25136,"COLOR":25136,"FLOOR_INDEX":5,"FLOOR_NAME":"F5"},"geometry":{"x":1794.7131999991834,"y":559.34319999814034}},{"attributes":{"OBJECTID":47,"GEO_ID":"H85200001F0530041","BUILDING_ID":"H85200001","FLOOR_ID":"H85200001F05","POI_ID":"H85200001F0530041","NAME":"电梯","CATEGORY_ID":25136,"COLOR":25136,"FLOOR_INDEX":5,"FLOOR_NAME":"F5"},"geometry":{"x":1797.6251999996603,"y":559.34319999814034}},{"attributes":{"OBJECTID":48,"GEO_ID":"H85200001F0530042","BUILDING_ID":"H85200001","FLOOR_ID":"H85200001F05","POI_ID":"H85200001F0530042","NAME":"电梯","CATEGORY_ID":25136,"COLOR":25136,"FLOOR_INDEX":5,"FLOOR_NAME":"F5"},"geometry":{"x":1800.8011999987066,"y":559.34319999814034}},{"attributes":{"OBJECTID":49,"GEO_ID":"H85200001F0530043","BUILDING_ID":"H85200001","FLOOR_ID":"H85200001F05","POI_ID":"H85200001F0530043","NAME":"扶梯","CATEGORY_ID":25135,"COLOR":25135,"FLOOR_INDEX":5,"FLOOR_NAME":"F5"},"geometry":{"x":1806.9941999986768,"y":640.40619999915361}},{"attributes":{"OBJECTID":50,"GEO_ID":"H85200001F0530044","BUILDING_ID":"H85200001","FLOOR_ID":"H85200001F05","POI_ID":"H85200001F0530044","NAME":"电梯","CATEGORY_ID":25136,"COLOR":25136,"FLOOR_INDEX":5,"FLOOR_NAME":"F5"},"geometry":{"x":1796.6842000000179,"y":632.89829999953508}},{"attributes":{"OBJECTID":51,"GEO_ID":"H85200001F0530045","BUILDING_ID":"H85200001","FLOOR_ID":"H85200001F05","POI_ID":"H85200001F0530045","NAME":"电梯","CATEGORY_ID":25136,"COLOR":25136,"FLOOR_INDEX":5,"FLOOR_NAME":"F5"},"geometry":{"x":1800.4382000006735,"y":632.89829999953508}},{"attributes":{"OBJECTID":52,"GEO_ID":"H85200001F0530046","BUILDING_ID":"H85200001","FLOOR_ID":"H85200001F05","POI_ID":"H85200001F0530046","NAME":"卫生间","CATEGORY_ID":25118,"COLOR":25118,"FLOOR_INDEX":5,"FLOOR_NAME":"F5"},"geometry":{"x":1785.8141999989748,"y":619.4792999997735}},{"attributes":{"OBJECTID":54,"GEO_ID":"H85200001F0530047","BUILDING_ID":"H85200001","FLOOR_ID":"H85200001F05","POI_ID":"H85200001F0530047","NAME":"扶梯","CATEGORY_ID":25135,"COLOR":25135,"FLOOR_INDEX":5,"FLOOR_NAME":"F5"},"geometry":{"x":1770.819200001657,"y":553.00030000135303}},{"attributes":{"OBJECTID":55,"GEO_ID":"H85200001F0530048","BUILDING_ID":"H85200001","FLOOR_ID":"H85200001F05","POI_ID":"H85200001F0530048","NAME":"电梯","CATEGORY_ID":25136,"COLOR":25136,"FLOOR_INDEX":5,"FLOOR_NAME":"F5"},"geometry":{"x":1720.6761999987066,"y":547.71920000016689}},{"attributes":{"OBJECTID":56,"GEO_ID":"H85200001F0530049","BUILDING_ID":"H85200001","FLOOR_ID":"H85200001F05","POI_ID":"H85200001F0530049","NAME":"电梯","CATEGORY_ID":25136,"COLOR":25136,"FLOOR_INDEX":5,"FLOOR_NAME":"F5"},"geometry":{"x":1724.0021999999881,"y":547.7892999984324}},{"attributes":{"OBJECTID":57,"GEO_ID":"H85200001F0530050","BUILDING_ID":"H85200001","FLOOR_ID":"H85200001F05","POI_ID":"H85200001F0530050","NAME":"电梯","CATEGORY_ID":25136,"COLOR":25136,"FLOOR_INDEX":5,"FLOOR_NAME":"F5"},"geometry":{"x":1720.2941999994218,"y":532.47630000114441}},{"attributes":{"OBJECTID":58,"GEO_ID":"H85200001F0530051","BUILDING_ID":"H85200001","FLOOR_ID":"H85200001F05","POI_ID":"H85200001F0530051","NAME":"电梯","CATEGORY_ID":25136,"COLOR":25136,"FLOOR_INDEX":5,"FLOOR_NAME":"F5"},"geometry":{"x":1724.3702000007033,"y":532.43430000171065}},{"attributes":{"OBJECTID":59,"GEO_ID":"H85200001F0530052","BUILDING_ID":"H85200001","FLOOR_ID":"H85200001F05","POI_ID":"H85200001F0530052","NAME":"卫生间","CATEGORY_ID":25118,"COLOR":25118,"FLOOR_INDEX":5,"FLOOR_NAME":"F5"},"geometry":{"x":1660.4131999984384,"y":549.11129999905825}},{"attributes":{"OBJECTID":60,"GEO_ID":"H85200001F0530053","BUILDING_ID":"H85200001","FLOOR_ID":"H85200001F05","POI_ID":"H85200001F0530053","NAME":"楼梯","CATEGORY_ID":25134,"COLOR":25134,"FLOOR_INDEX":5,"FLOOR_NAME":"F5"},"geometry":{"x":1669.772199999541,"y":549.284200001508}},{"attributes":{"OBJECTID":61,"GEO_ID":"H85200001F0530054","BUILDING_ID":"H85200001","FLOOR_ID":"H85200001F05","POI_ID":"H85200001F0530054","NAME":"电梯","CATEGORY_ID":25136,"COLOR":25136,"FLOOR_INDEX":5,"FLOOR_NAME":"F5"},"geometry":{"x":1618.7102000005543,"y":532.04430000111461}},{"attributes":{"OBJECTID":62,"GEO_ID":"H85200001F0530055","BUILDING_ID":"H85200001","FLOOR_ID":"H85200001F05","POI_ID":"H85200001F0530055","NAME":"电梯","CATEGORY_ID":25136,"COLOR":25136,"FLOOR_INDEX":5,"FLOOR_NAME":"F5"},"geometry":{"x":1611.874200001359,"y":531.20320000126958}},{"attributes":{"OBJECTID":63,"GEO_ID":"H85200001F0530056","BUILDING_ID":"H85200001","FLOOR_ID":"H85200001F05","POI_ID":"H85200001F0530056","NAME":"楼梯","CATEGORY_ID":25134,"COLOR":25134,"FLOOR_INDEX":5,"FLOOR_NAME":"F5"},"geometry":{"x":1604.6541999988258,"y":531.284200001508}},{"attributes":{"OBJECTID":64,"GEO_ID":"H85200001F0530057","BUILDING_ID":"H85200001","FLOOR_ID":"H85200001F05","POI_ID":"H85200001F0530057","NAME":"楼梯","CATEGORY_ID":25134,"COLOR":25134,"FLOOR_INDEX":5,"FLOOR_NAME":"F5"},"geometry":{"x":1541.6541999988258,"y":531.284200001508}},{"attributes":{"OBJECTID":65,"GEO_ID":"H85200001F0530058","BUILDING_ID":"H85200001","FLOOR_ID":"H85200001F05","POI_ID":"H85200001F0530058","NAME":"电梯","CATEGORY_ID":25136,"COLOR":25136,"FLOOR_INDEX":5,"FLOOR_NAME":"F5"},"geometry":{"x":1548.9191999994218,"y":531.29720000177622}},{"attributes":{"OBJECTID":66,"GEO_ID":"H85200001F0530059","BUILDING_ID":"H85200001","FLOOR_ID":"H85200001F05","POI_ID":"H85200001F0530059","NAME":"电梯","CATEGORY_ID":25136,"COLOR":25136,"FLOOR_INDEX":5,"FLOOR_NAME":"F5"},"geometry":{"x":1467.8101999983191,"y":530.7272000014782}},{"attributes":{"OBJECTID":67,"GEO_ID":"H85200001F0530060","BUILDING_ID":"H85200001","FLOOR_ID":"H85200001F05","POI_ID":"H85200001F0530060","NAME":"楼梯","CATEGORY_ID":25134,"COLOR":25134,"FLOOR_INDEX":5,"FLOOR_NAME":"F5"},"geometry":{"x":1460.9602000005543,"y":531.23119999840856}},{"attributes":{"OBJECTID":68,"GEO_ID":"H85200001F0530061","BUILDING_ID":"H85200001","FLOOR_ID":"H85200001F05","POI_ID":"H85200001F0530061","NAME":"卫生间","CATEGORY_ID":25118,"COLOR":25118,"FLOOR_INDEX":5,"FLOOR_NAME":"F5"},"geometry":{"x":1446.1961999982595,"y":529.10229999944568}},{"attributes":{"OBJECTID":69,"GEO_ID":"H85200001F0530062","BUILDING_ID":"H85200001","FLOOR_ID":"H85200001F05","POI_ID":"H85200001F0530062","NAME":"电梯","CATEGORY_ID":25136,"COLOR":25136,"FLOOR_INDEX":5,"FLOOR_NAME":"F5"},"geometry":{"x":1397.3891999982297,"y":531.54820000007749}},{"attributes":{"OBJECTID":70,"GEO_ID":"H85200001F0530063","BUILDING_ID":"H85200001","FLOOR_ID":"H85200001F05","POI_ID":"H85200001F0530063","NAME":"电梯","CATEGORY_ID":25136,"COLOR":25136,"FLOOR_INDEX":5,"FLOOR_NAME":"F5"},"geometry":{"x":1397.4232000000775,"y":548.36930000036955}},{"attributes":{"OBJECTID":71,"GEO_ID":"H85200001F0530064","BUILDING_ID":"H85200001","FLOOR_ID":"H85200001F05","POI_ID":"H85200001F0530064","NAME":"扶梯","CATEGORY_ID":25135,"COLOR":25135,"FLOOR_INDEX":5,"FLOOR_NAME":"F5"},"geometry":{"x":1371.9972000010312,"y":531.56030000001192}},{"attributes":{"OBJECTID":72,"GEO_ID":"H85200001F0530065","BUILDING_ID":"H85200001","FLOOR_ID":"H85200001F05","POI_ID":"H85200001F0530065","NAME":"电梯","CATEGORY_ID":25136,"COLOR":25136,"FLOOR_INDEX":5,"FLOOR_NAME":"F5"},"geometry":{"x":1354.507199998945,"y":532.07829999923706}},{"attributes":{"OBJECTID":73,"GEO_ID":"H85200001F0530066","BUILDING_ID":"H85200001","FLOOR_ID":"H85200001F05","POI_ID":"H85200001F0530066","NAME":"卫生间","CATEGORY_ID":25118,"COLOR":25118,"FLOOR_INDEX":5,"FLOOR_NAME":"F5"},"geometry":{"x":1283.8361999988556,"y":529.72329999879003}},{"attributes":{"OBJECTID":74,"GEO_ID":"H85200001F0530067","BUILDING_ID":"H85200001","FLOOR_ID":"H85200001F05","POI_ID":"H85200001F0530067","NAME":"卫生间","CATEGORY_ID":25118,"COLOR":25118,"FLOOR_INDEX":5,"FLOOR_NAME":"F5"},"geometry":{"x":1174.8731999993324,"y":549.19330000132322}},{"attributes":{"OBJECTID":75,"GEO_ID":"H85200001F0530068","BUILDING_ID":"H85200001","FLOOR_ID":"H85200001F05","POI_ID":"H85200001F0530068","NAME":"楼梯","CATEGORY_ID":25134,"COLOR":25134,"FLOOR_INDEX":5,"FLOOR_NAME":"F5"},"geometry":{"x":1136.4342000000179,"y":531.30330000072718}},{"attributes":{"OBJECTID":76,"GEO_ID":"H85200001F0530069","BUILDING_ID":"H85200001","FLOOR_ID":"H85200001F05","POI_ID":"H85200001F0530069","NAME":"电梯","CATEGORY_ID":25136,"COLOR":25136,"FLOOR_INDEX":5,"FLOOR_NAME":"F5"},"geometry":{"x":1143.8302000015974,"y":531.30330000072718}},{"attributes":{"OBJECTID":77,"GEO_ID":"H85200001F0530070","BUILDING_ID":"H85200001","FLOOR_ID":"H85200001F05","POI_ID":"H85200001F0530070","NAME":"扶梯","CATEGORY_ID":25135,"COLOR":25135,"FLOOR_INDEX":5,"FLOOR_NAME":"F5"},"geometry":{"x":1064.1541999988258,"y":548.93730000033975}},{"attributes":{"OBJECTID":78,"GEO_ID":"H85200001F0530071","BUILDING_ID":"H85200001","FLOOR_ID":"H85200001F05","POI_ID":"H85200001F0530071","NAME":"电梯","CATEGORY_ID":25136,"COLOR":25136,"FLOOR_INDEX":5,"FLOOR_NAME":"F5"},"geometry":{"x":1081.417199999094,"y":548.64629999920726}},{"attributes":{"OBJECTID":79,"GEO_ID":"H85200001F0530072","BUILDING_ID":"H85200001","FLOOR_ID":"H85200001F05","POI_ID":"H85200001F0530072","NAME":"电梯","CATEGORY_ID":25136,"COLOR":25136,"FLOOR_INDEX":5,"FLOOR_NAME":"F5"},"geometry":{"x":1081.3332000002265,"y":552.84829999879003}},{"attributes":{"OBJECTID":80,"GEO_ID":"H85200001F0530073","BUILDING_ID":"H85200001","FLOOR_ID":"H85200001F05","POI_ID":"H85200001F0530073","NAME":"电梯","CATEGORY_ID":25136,"COLOR":25136,"FLOOR_INDEX":5,"FLOOR_NAME":"F5"},"geometry":{"x":1081.0511999987066,"y":531.50129999965429}},{"attributes":{"OBJECTID":81,"GEO_ID":"H85200001F0530074","BUILDING_ID":"H85200001","FLOOR_ID":"H85200001F05","POI_ID":"H85200001F0530074","NAME":"电梯","CATEGORY_ID":25136,"COLOR":25136,"FLOOR_INDEX":5,"FLOOR_NAME":"F5"},"geometry":{"x":1081.1081999987364,"y":527.8031999990344}},{"attributes":{"OBJECTID":82,"GEO_ID":"H85200001F0530075","BUILDING_ID":"H85200001","FLOOR_ID":"H85200001F05","POI_ID":"H85200001F0530075","NAME":"扶梯","CATEGORY_ID":25135,"COLOR":25135,"FLOOR_INDEX":5,"FLOOR_NAME":"F5"},"geometry":{"x":1071.6552000008523,"y":531.98820000141859}},{"attributes":{"OBJECTID":83,"GEO_ID":"H85200001F0530076","BUILDING_ID":"H85200001","FLOOR_ID":"H85200001F05","POI_ID":"H85200001F0530076","NAME":"扶梯","CATEGORY_ID":25135,"COLOR":25135,"FLOOR_INDEX":5,"FLOOR_NAME":"F5"},"geometry":{"x":1068.9662000015378,"y":527.28229999914765}},{"attributes":{"OBJECTID":84,"GEO_ID":"H85200001F0530077","BUILDING_ID":"H85200001","FLOOR_ID":"H85200001F05","POI_ID":"H85200001F0530077","NAME":"楼梯","CATEGORY_ID":25134,"COLOR":25134,"FLOOR_INDEX":5,"FLOOR_NAME":"F5"},"geometry":{"x":1063.5951999984682,"y":502.69519999995828}},{"attributes":{"OBJECTID":85,"GEO_ID":"H85200001F0530078","BUILDING_ID":"H85200001","FLOOR_ID":"H85200001F05","POI_ID":"H85200001F0530078","NAME":"楼梯","CATEGORY_ID":25134,"COLOR":25134,"FLOOR_INDEX":5,"FLOOR_NAME":"F5"},"geometry":{"x":1042.4182000011206,"y":481.42630000039935}},{"attributes":{"OBJECTID":86,"GEO_ID":"H85200001F0530079","BUILDING_ID":"H85200001","FLOOR_ID":"H85200001F05","POI_ID":"H85200001F0530079","NAME":"电梯","CATEGORY_ID":25136,"COLOR":25136,"FLOOR_INDEX":5,"FLOOR_NAME":"F5"},"geometry":{"x":1053.6851999983191,"y":495.61520000174642}},{"attributes":{"OBJECTID":87,"GEO_ID":"H85200001F0530080","BUILDING_ID":"H85200001","FLOOR_ID":"H85200001F05","POI_ID":"H85200001F0530080","NAME":"楼梯","CATEGORY_ID":25134,"COLOR":25134,"FLOOR_INDEX":5,"FLOOR_NAME":"F5"},"geometry":{"x":1027.0661999993026,"y":520.16620000079274}},{"attributes":{"OBJECTID":88,"GEO_ID":"H85200001F0530081","BUILDING_ID":"H85200001","FLOOR_ID":"H85200001F05","POI_ID":"H85200001F0530081","NAME":"扶梯","CATEGORY_ID":25135,"COLOR":25135,"FLOOR_INDEX":5,"FLOOR_NAME":"F5"},"geometry":{"x":1037.4552000015974,"y":552.88729999959469}},{"attributes":{"OBJECTID":89,"GEO_ID":"H85200001F0530082","BUILDING_ID":"H85200001","FLOOR_ID":"H85200001F05","POI_ID":"H85200001F0530082","NAME":"扶梯","CATEGORY_ID":25135,"COLOR":25135,"FLOOR_INDEX":5,"FLOOR_NAME":"F5"},"geometry":{"x":1039.487199999392,"y":539.93120000138879}},{"attributes":{"OBJECTID":90,"GEO_ID":"H85200001F0530083","BUILDING_ID":"H85200001","FLOOR_ID":"H85200001F05","POI_ID":"H85200001F0530083","NAME":"电梯","CATEGORY_ID":25136,"COLOR":25136,"FLOOR_INDEX":5,"FLOOR_NAME":"F5"},"geometry":{"x":1033.9481999985874,"y":504.284200001508}},{"attributes":{"OBJECTID":91,"GEO_ID":"H85200001F0530084","BUILDING_ID":"H85200001","FLOOR_ID":"H85200001F05","POI_ID":"H85200001F0530084","NAME":"电梯","CATEGORY_ID":25136,"COLOR":25136,"FLOOR_INDEX":5,"FLOOR_NAME":"F5"},"geometry":{"x":1029.9781999997795,"y":504.284200001508}},{"attributes":{"OBJECTID":92,"GEO_ID":"H85200001F0530085","BUILDING_ID":"H85200001","FLOOR_ID":"H85200001F05","POI_ID":"H85200001F0530085","NAME":"楼梯","CATEGORY_ID":25134,"COLOR":25134,"FLOOR_INDEX":5,"FLOOR_NAME":"F5"},"geometry":{"x":1026.472199998796,"y":500.07420000061393}},{"attributes":{"OBJECTID":93,"GEO_ID":"H85200001F0530086","BUILDING_ID":"H85200001","FLOOR_ID":"H85200001F05","POI_ID":"H85200001F0530086","NAME":"楼梯","CATEGORY_ID":25134,"COLOR":25134,"FLOOR_INDEX":5,"FLOOR_NAME":"F5"},"geometry":{"x":997.14319999888539,"y":466.16629999876022}},{"attributes":{"OBJECTID":94,"GEO_ID":"H85200001F0530087","BUILDING_ID":"H85200001","FLOOR_ID":"H85200001F05","POI_ID":"H85200001F0530087","NAME":"卫生间","CATEGORY_ID":25118,"COLOR":25118,"FLOOR_INDEX":5,"FLOOR_NAME":"F5"},"geometry":{"x":1002.0461999997497,"y":438.5362999998033}},{"attributes":{"OBJECTID":95,"GEO_ID":"H85200001F0530088","BUILDING_ID":"H85200001","FLOOR_ID":"H85200001F05","POI_ID":"H85200001F0530088","NAME":"电梯","CATEGORY_ID":25136,"COLOR":25136,"FLOOR_INDEX":5,"FLOOR_NAME":"F5"},"geometry":{"x":928.82919999957085,"y":395.82420000061393}},{"attributes":{"OBJECTID":96,"GEO_ID":"H85200001F0530089","BUILDING_ID":"H85200001","FLOOR_ID":"H85200001F05","POI_ID":"H85200001F0530089","NAME":"扶梯","CATEGORY_ID":25135,"COLOR":25135,"FLOOR_INDEX":5,"FLOOR_NAME":"F5"},"geometry":{"x":916.03319999948144,"y":382.65720000118017}},{"attributes":{"OBJECTID":97,"GEO_ID":"H85200001F0530090","BUILDING_ID":"H85200001","FLOOR_ID":"H85200001F05","POI_ID":"H85200001F0530090","NAME":"电梯","CATEGORY_ID":25136,"COLOR":25136,"FLOOR_INDEX":5,"FLOOR_NAME":"F5"},"geometry":{"x":897.04820000007749,"y":364.35130000114441}},{"attributes":{"OBJECTID":98,"GEO_ID":"H85200001F0530091","BUILDING_ID":"H85200001","FLOOR_ID":"H85200001F05","POI_ID":"H85200001F0530091","NAME":"电梯","CATEGORY_ID":25136,"COLOR":25136,"FLOOR_INDEX":5,"FLOOR_NAME":"F5"},"geometry":{"x":914.56619999930263,"y":356.04830000177026}},{"attributes":{"OBJECTID":99,"GEO_ID":"H85200001F0530092","BUILDING_ID":"H85200001","FLOOR_ID":"H85200001F05","POI_ID":"H85200001F0530092","NAME":"卫生间","CATEGORY_ID":25118,"COLOR":25118,"FLOOR_INDEX":5,"FLOOR_NAME":"F5"},"geometry":{"x":853.46119999885559,"y":292.92619999870658}},{"attributes":{"OBJECTID":100,"GEO_ID":"H85200001F0530093","BUILDING_ID":"H85200001","FLOOR_ID":"H85200001F05","POI_ID":"H85200001F0530093","NAME":"电梯","CATEGORY_ID":25136,"COLOR":25136,"FLOOR_INDEX":5,"FLOOR_NAME":"F5"},"geometry":{"x":840.25219999998808,"y":282.39229999855161}},{"attributes":{"OBJECTID":101,"GEO_ID":"H85200001F0530094","BUILDING_ID":"H85200001","FLOOR_ID":"H85200001F05","POI_ID":"H85200001F0530094","NAME":"卫生间","CATEGORY_ID":25118,"COLOR":25118,"FLOOR_INDEX":5,"FLOOR_NAME":"F5"},"geometry":{"x":1038.3002000004053,"y":566.55229999870062}},{"attributes":{"OBJECTID":102,"GEO_ID":"H85200001F0530095","BUILDING_ID":"H85200001","FLOOR_ID":"H85200001F05","POI_ID":"H85200001F0530095","NAME":"楼梯","CATEGORY_ID":25134,"COLOR":25134,"FLOOR_INDEX":5,"FLOOR_NAME":"F5"},"geometry":{"x":1027.0942000001669,"y":559.96819999814034}},{"attributes":{"OBJECTID":103,"GEO_ID":"H85200001F0530096","BUILDING_ID":"H85200001","FLOOR_ID":"H85200001F05","POI_ID":"H85200001F0530096","NAME":"电梯","CATEGORY_ID":25136,"COLOR":25136,"FLOOR_INDEX":5,"FLOOR_NAME":"F5"},"geometry":{"x":1029.9781999997795,"y":576.284200001508}},{"attributes":{"OBJECTID":104,"GEO_ID":"H85200001F0530097","BUILDING_ID":"H85200001","FLOOR_ID":"H85200001F05","POI_ID":"H85200001F0530097","NAME":"电梯","CATEGORY_ID":25136,"COLOR":25136,"FLOOR_INDEX":5,"FLOOR_NAME":"F5"},"geometry":{"x":1033.9481999985874,"y":576.284200001508}},{"attributes":{"OBJECTID":105,"GEO_ID":"H85200001F0530098","BUILDING_ID":"H85200001","FLOOR_ID":"H85200001F05","POI_ID":"H85200001F0530098","NAME":"电梯","CATEGORY_ID":25136,"COLOR":25136,"FLOOR_INDEX":5,"FLOOR_NAME":"F5"},"geometry":{"x":1054.0322000011802,"y":584.69830000028014}},{"attributes":{"OBJECTID":106,"GEO_ID":"H85200001F0530099","BUILDING_ID":"H85200001","FLOOR_ID":"H85200001F05","POI_ID":"H85200001F0530099","NAME":"楼梯","CATEGORY_ID":25134,"COLOR":25134,"FLOOR_INDEX":5,"FLOOR_NAME":"F5"},"geometry":{"x":1063.6152000017464,"y":577.84829999879003}},{"attributes":{"OBJECTID":107,"GEO_ID":"H85200001F0530100","BUILDING_ID":"H85200001","FLOOR_ID":"H85200001F05","POI_ID":"H85200001F0530100","NAME":"楼梯","CATEGORY_ID":25134,"COLOR":25134,"FLOOR_INDEX":5,"FLOOR_NAME":"F5"},"geometry":{"x":1042.4822000004351,"y":599.06729999929667}},{"attributes":{"OBJECTID":108,"GEO_ID":"H85200001F0530101","BUILDING_ID":"H85200001","FLOOR_ID":"H85200001F05","POI_ID":"H85200001F0530101","NAME":"楼梯","CATEGORY_ID":25134,"COLOR":25134,"FLOOR_INDEX":5,"FLOOR_NAME":"F5"},"geometry":{"x":997.5042000003159,"y":614.37130000069737}},{"attributes":{"OBJECTID":109,"GEO_ID":"H85200001F0530102","BUILDING_ID":"H85200001","FLOOR_ID":"H85200001F05","POI_ID":"H85200001F0530102","NAME":"电梯","CATEGORY_ID":25136,"COLOR":25136,"FLOOR_INDEX":5,"FLOOR_NAME":"F5"},"geometry":{"x":965.84620000049472,"y":673.32829999923706}},{"attributes":{"OBJECTID":110,"GEO_ID":"H85200001F0530103","BUILDING_ID":"H85200001","FLOOR_ID":"H85200001F05","POI_ID":"H85200001F0530103","NAME":"卫生间","CATEGORY_ID":25118,"COLOR":25118,"FLOOR_INDEX":5,"FLOOR_NAME":"F5"},"geometry":{"x":955.27919999882579,"y":685.48519999906421}},{"attributes":{"OBJECTID":111,"GEO_ID":"H85200001F0530104","BUILDING_ID":"H85200001","FLOOR_ID":"H85200001F05","POI_ID":"H85200001F0530104","NAME":"卫生间","CATEGORY_ID":25118,"COLOR":25118,"FLOOR_INDEX":5,"FLOOR_NAME":"F5"},"geometry":{"x":945.75019999966025,"y":666.2593000009656}},{"attributes":{"OBJECTID":112,"GEO_ID":"H85200001F0530105","BUILDING_ID":"H85200001","FLOOR_ID":"H85200001F05","POI_ID":"H85200001F0530105","NAME":"电梯","CATEGORY_ID":25136,"COLOR":25136,"FLOOR_INDEX":5,"FLOOR_NAME":"F5"},"geometry":{"x":918.007199998945,"y":695.40129999816418}},{"attributes":{"OBJECTID":113,"GEO_ID":"H85200001F0530106","BUILDING_ID":"H85200001","FLOOR_ID":"H85200001F05","POI_ID":"H85200001F0530106","NAME":"扶梯","CATEGORY_ID":25135,"COLOR":25135,"FLOOR_INDEX":5,"FLOOR_NAME":"F5"},"geometry":{"x":909.26920000091195,"y":704.13929999992251}},{"attributes":{"OBJECTID":114,"GEO_ID":"H85200001F0530107","BUILDING_ID":"H85200001","FLOOR_ID":"H85200001F05","POI_ID":"H85200001F0530107","NAME":"电梯","CATEGORY_ID":25136,"COLOR":25136,"FLOOR_INDEX":5,"FLOOR_NAME":"F5"},"geometry":{"x":882.007199998945,"y":731.4012000001967}},{"attributes":{"OBJECTID":115,"GEO_ID":"H85200001F0530108","BUILDING_ID":"H85200001","FLOOR_ID":"H85200001F05","POI_ID":"H85200001F0530108","NAME":"扶梯","CATEGORY_ID":25135,"COLOR":25135,"FLOOR_INDEX":5,"FLOOR_NAME":"F5"},"geometry":{"x":877.41620000079274,"y":736.23030000180006}},{"attributes":{"OBJECTID":116,"GEO_ID":"H85200001F0530109","BUILDING_ID":"H85200001","FLOOR_ID":"H85200001F05","POI_ID":"H85200001F0530109","NAME":"电梯","CATEGORY_ID":25136,"COLOR":25136,"FLOOR_INDEX":5,"FLOOR_NAME":"F5"},"geometry":{"x":846.007199998945,"y":767.40129999816418}},{"attributes":{"OBJECTID":117,"GEO_ID":"H85200001F0530110","BUILDING_ID":"H85200001","FLOOR_ID":"H85200001F05","POI_ID":"H85200001F0530110","NAME":"电梯","CATEGORY_ID":25136,"COLOR":25136,"FLOOR_INDEX":5,"FLOOR_NAME":"F5"},"geometry":{"x":857.65419999882579,"y":781.16629999876022}},{"attributes":{"OBJECTID":118,"GEO_ID":"H85200001F0530111","BUILDING_ID":"H85200001","FLOOR_ID":"H85200001F05","POI_ID":"H85200001F0530111","NAME":"扶梯","CATEGORY_ID":25135,"COLOR":25135,"FLOOR_INDEX":5,"FLOOR_NAME":"F5"},"geometry":{"x":837.53319999948144,"y":776.00230000168085}},{"attributes":{"OBJECTID":119,"GEO_ID":"H85200001F0530112","BUILDING_ID":"H85200001","FLOOR_ID":"H85200001F05","POI_ID":"H85200001F0530112","NAME":"电梯","CATEGORY_ID":25136,"COLOR":25136,"FLOOR_INDEX":5,"FLOOR_NAME":"F5"},"geometry":{"x":810.21220000088215,"y":803.49929999932647}},{"attributes":{"OBJECTID":120,"GEO_ID":"H85200001F0530113","BUILDING_ID":"H85200001","FLOOR_ID":"H85200001F05","POI_ID":"H85200001F0530113","NAME":"卫生间","CATEGORY_ID":25118,"COLOR":25118,"FLOOR_INDEX":5,"FLOOR_NAME":"F5"},"geometry":{"x":752.07919999957085,"y":871.93230000138283}},{"attributes":{"OBJECTID":121,"GEO_ID":"H85200001F0530114","BUILDING_ID":"H85200001","FLOOR_ID":"H85200001F05","POI_ID":"H85200001F0530114","NAME":"楼梯","CATEGORY_ID":25134,"COLOR":25134,"FLOOR_INDEX":5,"FLOOR_NAME":"F5"},"geometry":{"x":1751.3607000000775,"y":585.40500000119209}},{"attributes":{"OBJECTID":122,"GEO_ID":"H85200001F0530115","BUILDING_ID":"H85200001","FLOOR_ID":"H85200001F05","POI_ID":"H85200001F0530115","NAME":"楼梯","CATEGORY_ID":25134,"COLOR":25134,"FLOOR_INDEX":5,"FLOOR_NAME":"F5"},"geometry":{"x":1775.4554999992251,"y":609.21750000119209}},{"attributes":{"OBJECTID":123,"GEO_ID":"H85200001F0530116","BUILDING_ID":"H85200001","FLOOR_ID":"H85200001F05","POI_ID":"H85200001F0530116","NAME":"电梯","CATEGORY_ID":25136,"COLOR":25136,"FLOOR_INDEX":6,"FLOOR_NAME":"F6"},"geometry":{"x":1969.1367000006139,"y":698.12209999933839}},{"attributes":{"OBJECTID":124,"GEO_ID":"H85200001F0530117","BUILDING_ID":"H85200001","FLOOR_ID":"H85200001F05","POI_ID":"H85200001F0530117","NAME":"电梯","CATEGORY_ID":25136,"COLOR":25136,"FLOOR_INDEX":6,"FLOOR_NAME":"F6"},"geometry":{"x":1969.2027999982238,"y":694.153299998492}},{"attributes":{"OBJECTID":125,"GEO_ID":"H85200001F0530118","BUILDING_ID":"H85200001","FLOOR_ID":"H85200001F05","POI_ID":"H85200001F0530118","NAME":"电梯","CATEGORY_ID":25136,"COLOR":25136,"FLOOR_INDEX":5,"FLOOR_NAME":"F5"},"geometry":{"x":1971.0639000013471,"y":401.94559999927878}},{"attributes":{"OBJECTID":126,"GEO_ID":"H85200001F0530119","BUILDING_ID":"H85200001","FLOOR_ID":"H85200001F05","POI_ID":"H85200001F0530119","NAME":"电梯","CATEGORY_ID":25136,"COLOR":25136,"FLOOR_INDEX":5,"FLOOR_NAME":"F5"},"geometry":{"x":1971.0639000013471,"y":393.21429999917746}},{"attributes":{"OBJECTID":127,"GEO_ID":"H85200001F0530120","BUILDING_ID":"H85200001","FLOOR_ID":"H85200001F05","POI_ID":"H85200001F0530120","NAME":"电梯","CATEGORY_ID":25136,"COLOR":25136,"FLOOR_INDEX":5,"FLOOR_NAME":"F5"},"geometry":{"x":1969.2688000015914,"y":541.91880000010133}},{"attributes":{"OBJECTID":128,"GEO_ID":"H85200001F0530121","BUILDING_ID":"H85200001","FLOOR_ID":"H85200001F05","POI_ID":"H85200001F0530121","NAME":"电梯","CATEGORY_ID":25136,"COLOR":25136,"FLOOR_INDEX":5,"FLOOR_NAME":"F5"},"geometry":{"x":1969.2688000015914,"y":537.89710000157356}}]}