{"displayFieldName":"","fieldAliases":{"OBJECTID":"OBJECTID","GEO_ID":"GEO_ID","BUILDING_ID":"BUILDING_ID","FLOOR_ID":"FLOOR_ID","POI_ID":"POI_ID","NAME":"NAME","CATEGORY_ID":"CATEGORY_ID","COLOR":"COLOR","ROOMNUM":"ROOMNUM","FLOOR_INDEX":"FLOOR_INDEX","FLOOR_NAME":"FLOOR_NAME","ORIG_FID":"ORIG_FID","LENGTH":"LENGTH"},"geometryType":"esriGeometryPoint","spatialReference":{"wkid":3395,"latestWkid":3395},"fields":[{"name":"OBJECTID","type":"esriFieldTypeOID","alias":"OBJECTID"},{"name":"GEO_ID","type":"esriFieldTypeString","alias":"GEO_ID","length":50},{"name":"BUILDING_ID","type":"esriFieldTypeString","alias":"BUILDING_ID","length":50},{"name":"FLOOR_ID","type":"esriFieldTypeString","alias":"FLOOR_ID","length":50},{"name":"POI_ID","type":"esriFieldTypeString","alias":"POI_ID","length":50},{"name":"NAME","type":"esriFieldTypeString","alias":"NAME","length":50},{"name":"CATEGORY_ID","type":"esriFieldTypeSmallInteger","alias":"CATEGORY_ID"},{"name":"COLOR","type":"esriFieldTypeSmallInteger","alias":"COLOR"},{"name":"ROOMNUM","type":"esriFieldTypeString","alias":"ROOMNUM","length":50},{"name":"FLOOR_INDEX","type":"esriFieldTypeSmallInteger","alias":"FLOOR_INDEX"},{"name":"FLOOR_NAME","type":"esriFieldTypeString","alias":"FLOOR_NAME","length":50},{"name":"ORIG_FID","type":"esriFieldTypeInteger","alias":"ORIG_FID"},{"name":"LENGTH","type":"esriFieldTypeDouble","alias":"LENGTH"}],"features":[{"attributes":{"OBJECTID":1,"GEO_ID":"H85200001F0810001","BUILDING_ID":"H85200001","FLOOR_ID":"H85200001F08","POI_ID":"H85200001F0810001","NAME":"太平山餐厅","CATEGORY_ID":25000,"COLOR":3,"ROOMNUM":null,"FLOOR_INDEX":8,"FLOOR_NAME":"F8","ORIG_FID":1099,"LENGTH":2418},"geometry":{"x":1854.9032000005245,"y":504.77219999954104}},{"attributes":{"OBJECTID":5,"GEO_ID":"H85200001F0810004","BUILDING_ID":"H85200001","FLOOR_ID":"H85200001F08","POI_ID":"H85200001F0810004","NAME":"美心翠园","CATEGORY_ID":25000,"COLOR":3,"ROOMNUM":null,"FLOOR_INDEX":8,"FLOOR_NAME":"F8","ORIG_FID":1103,"LENGTH":4126},"geometry":{"x":1852.3022000007331,"y":583.7052000015974}},{"attributes":{"OBJECTID":6,"GEO_ID":"H85200001F0810005","BUILDING_ID":"H85200001","FLOOR_ID":"H85200001F08","POI_ID":"H85200001F0810005","NAME":"Le Grand Pokka Café","CATEGORY_ID":25000,"COLOR":3,"ROOMNUM":null,"FLOOR_INDEX":8,"FLOOR_NAME":"F8","ORIG_FID":1105,"LENGTH":1993},"geometry":{"x":1833.1842000000179,"y":596.78620000183582}},{"attributes":{"OBJECTID":13,"GEO_ID":"H85200001F0810006","BUILDING_ID":"H85200001","FLOOR_ID":"H85200001F08","POI_ID":"H85200001F0810006","NAME":"翠华餐厅","CATEGORY_ID":25000,"COLOR":3,"ROOMNUM":null,"FLOOR_INDEX":8,"FLOOR_NAME":"F8","ORIG_FID":1114,"LENGTH":3887},"geometry":{"x":1840.1682000011206,"y":485.42029999941587}},{"attributes":{"OBJECTID":14,"GEO_ID":"H85200001F0810018","BUILDING_ID":"H85200001","FLOOR_ID":"H85200001F08","POI_ID":"H85200001F0810018","NAME":"港铁机场站L8","CATEGORY_ID":20002,"COLOR":2,"ROOMNUM":null,"FLOOR_INDEX":8,"FLOOR_NAME":"F8","ORIG_FID":null,"LENGTH":1473.8820000000001},"geometry":{"x":2046.1134000010788,"y":550.4070999994874}}]}