{"displayFieldName":"","fieldAliases":{"OBJECTID":"OBJECTID","GEO_ID":"GEO_ID","BUILDING_ID":"BUILDING_ID","FLOOR_ID":"FLOOR_ID","POI_ID":"POI_ID","NAME":"NAME","CATEGORY_ID":"CATEGORY_ID","COLOR":"COLOR","ROOMNUM":"ROOMNUM","FLOOR_INDEX":"FLOOR_INDEX","FLOOR_NAME":"FLOOR_NAME","ORIG_FID":"ORIG_FID","LENGTH":"LENGTH"},"geometryType":"esriGeometryPoint","spatialReference":{"wkid":3395,"latestWkid":3395},"fields":[{"name":"OBJECTID","type":"esriFieldTypeOID","alias":"OBJECTID"},{"name":"GEO_ID","type":"esriFieldTypeString","alias":"GEO_ID","length":50},{"name":"BUILDING_ID","type":"esriFieldTypeString","alias":"BUILDING_ID","length":50},{"name":"FLOOR_ID","type":"esriFieldTypeString","alias":"FLOOR_ID","length":50},{"name":"POI_ID","type":"esriFieldTypeString","alias":"POI_ID","length":50},{"name":"NAME","type":"esriFieldTypeString","alias":"NAME","length":50},{"name":"CATEGORY_ID","type":"esriFieldTypeSmallInteger","alias":"CATEGORY_ID"},{"name":"COLOR","type":"esriFieldTypeSmallInteger","alias":"COLOR"},{"name":"ROOMNUM","type":"esriFieldTypeString","alias":"ROOMNUM","length":50},{"name":"FLOOR_INDEX","type":"esriFieldTypeSmallInteger","alias":"FLOOR_INDEX"},{"name":"FLOOR_NAME","type":"esriFieldTypeString","alias":"FLOOR_NAME","length":50},{"name":"ORIG_FID","type":"esriFieldTypeInteger","alias":"ORIG_FID"},{"name":"LENGTH","type":"esriFieldTypeDouble","alias":"LENGTH"}],"features":[{"attributes":{"OBJECTID":2,"GEO_ID":"H85200001F0610283","BUILDING_ID":"H85200001","FLOOR_ID":"H85200001F06","POI_ID":"H85200001F0610283","NAME":"W70","CATEGORY_ID":25000,"COLOR":5,"ROOMNUM":null,"FLOOR_INDEX":6,"FLOOR_NAME":"F6","ORIG_FID":654,"LENGTH":155.09482407342944},"geometry":{"x":718.15320000052452,"y":897.04529999941587}},{"attributes":{"OBJECTID":3,"GEO_ID":"H85200001F0610284","BUILDING_ID":"H85200001","FLOOR_ID":"H85200001F06","POI_ID":"H85200001F0610284","NAME":"W71","CATEGORY_ID":25000,"COLOR":5,"ROOMNUM":null,"FLOOR_INDEX":6,"FLOOR_NAME":"F6","ORIG_FID":655,"LENGTH":150.93641921851946},"geometry":{"x":714.02519999817014,"y":867.64829999953508}},{"attributes":{"OBJECTID":4,"GEO_ID":"H85200001F0610285","BUILDING_ID":"H85200001","FLOOR_ID":"H85200001F06","POI_ID":"H85200001F0610285","NAME":"W67","CATEGORY_ID":25000,"COLOR":5,"ROOMNUM":null,"FLOOR_INDEX":6,"FLOOR_NAME":"F6","ORIG_FID":656,"LENGTH":115.68409543832755},"geometry":{"x":780.93519999831915,"y":795.49020000174642}},{"attributes":{"OBJECTID":5,"GEO_ID":"H85200001F0610286","BUILDING_ID":"H85200001","FLOOR_ID":"H85200001F06","POI_ID":"H85200001F0610286","NAME":"W69","CATEGORY_ID":25000,"COLOR":5,"ROOMNUM":null,"FLOOR_INDEX":6,"FLOOR_NAME":"F6","ORIG_FID":659,"LENGTH":115.96509967544816},"geometry":{"x":729.01819999888539,"y":847.35530000180006}},{"attributes":{"OBJECTID":6,"GEO_ID":"H85200001F0610287","BUILDING_ID":"H85200001","FLOOR_ID":"H85200001F06","POI_ID":"H85200001F0610287","NAME":"W65","CATEGORY_ID":25000,"COLOR":5,"ROOMNUM":null,"FLOOR_INDEX":6,"FLOOR_NAME":"F6","ORIG_FID":660,"LENGTH":115.67674147117044},"geometry":{"x":828.05420000106096,"y":748.37319999933243}},{"attributes":{"OBJECTID":7,"GEO_ID":"H85200001F0610288","BUILDING_ID":"H85200001","FLOOR_ID":"H85200001F06","POI_ID":"H85200001F0610288","NAME":"W63","CATEGORY_ID":25000,"COLOR":5,"ROOMNUM":null,"FLOOR_INDEX":6,"FLOOR_NAME":"F6","ORIG_FID":661,"LENGTH":115.18445373660705},"geometry":{"x":882.20419999957085,"y":694.31430000066757}},{"attributes":{"OBJECTID":8,"GEO_ID":"H85200001F0610289","BUILDING_ID":"H85200001","FLOOR_ID":"H85200001F06","POI_ID":"H85200001F0610289","NAME":"N68","CATEGORY_ID":25000,"COLOR":5,"ROOMNUM":null,"FLOOR_INDEX":6,"FLOOR_NAME":"F6","ORIG_FID":663,"LENGTH":150},"geometry":{"x":765.007199998945,"y":903.72520000115037}},{"attributes":{"OBJECTID":9,"GEO_ID":"H85200001F0610290","BUILDING_ID":"H85200001","FLOOR_ID":"H85200001F06","POI_ID":"H85200001F0610290","NAME":"N66","CATEGORY_ID":25000,"COLOR":5,"ROOMNUM":null,"FLOOR_INDEX":6,"FLOOR_NAME":"F6","ORIG_FID":664,"LENGTH":115.86935824283194},"geometry":{"x":823.94119999930263,"y":851.9413000009954}},{"attributes":{"OBJECTID":10,"GEO_ID":"H85200001F0610291","BUILDING_ID":"H85200001","FLOOR_ID":"H85200001F06","POI_ID":"H85200001F0610291","NAME":"N64","CATEGORY_ID":25000,"COLOR":5,"ROOMNUM":null,"FLOOR_INDEX":6,"FLOOR_NAME":"F6","ORIG_FID":665,"LENGTH":115.613385619825},"geometry":{"x":884.7001999989152,"y":791.1343000009656}},{"attributes":{"OBJECTID":11,"GEO_ID":"H85200001F0610292","BUILDING_ID":"H85200001","FLOOR_ID":"H85200001F06","POI_ID":"H85200001F0610292","NAME":"N62","CATEGORY_ID":25000,"COLOR":5,"ROOMNUM":null,"FLOOR_INDEX":6,"FLOOR_NAME":"F6","ORIG_FID":666,"LENGTH":115.19039429656806},"geometry":{"x":949.72320000082254,"y":726.03119999915361}},{"attributes":{"OBJECTID":12,"GEO_ID":"H85200001F0610293","BUILDING_ID":"H85200001","FLOOR_ID":"H85200001F06","POI_ID":"H85200001F0610293","NAME":"S35","CATEGORY_ID":25000,"COLOR":5,"ROOMNUM":null,"FLOOR_INDEX":6,"FLOOR_NAME":"F6","ORIG_FID":683,"LENGTH":112},"geometry":{"x":1117.3302000015974,"y":505.6072999984026}},{"attributes":{"OBJECTID":13,"GEO_ID":"H85200001F0610294","BUILDING_ID":"H85200001","FLOOR_ID":"H85200001F06","POI_ID":"H85200001F0610294","NAME":"S33","CATEGORY_ID":25000,"COLOR":5,"ROOMNUM":null,"FLOOR_INDEX":6,"FLOOR_NAME":"F6","ORIG_FID":686,"LENGTH":112},"geometry":{"x":1189.3302000015974,"y":505.6072999984026}},{"attributes":{"OBJECTID":14,"GEO_ID":"H85200001F0610295","BUILDING_ID":"H85200001","FLOOR_ID":"H85200001F06","POI_ID":"H85200001F0610295","NAME":"S31","CATEGORY_ID":25000,"COLOR":5,"ROOMNUM":null,"FLOOR_INDEX":6,"FLOOR_NAME":"F6","ORIG_FID":689,"LENGTH":112},"geometry":{"x":1261.3302000015974,"y":505.6072999984026}},{"attributes":{"OBJECTID":15,"GEO_ID":"H85200001F0610296","BUILDING_ID":"H85200001","FLOOR_ID":"H85200001F06","POI_ID":"H85200001F0610296","NAME":"S29","CATEGORY_ID":25000,"COLOR":5,"ROOMNUM":null,"FLOOR_INDEX":6,"FLOOR_NAME":"F6","ORIG_FID":692,"LENGTH":112},"geometry":{"x":1333.3302000015974,"y":505.6072999984026}},{"attributes":{"OBJECTID":16,"GEO_ID":"H85200001F0610297","BUILDING_ID":"H85200001","FLOOR_ID":"H85200001F06","POI_ID":"H85200001F0610297","NAME":"S27","CATEGORY_ID":25000,"COLOR":5,"ROOMNUM":null,"FLOOR_INDEX":6,"FLOOR_NAME":"F6","ORIG_FID":694,"LENGTH":112},"geometry":{"x":1432.3302000015974,"y":505.6072999984026}},{"attributes":{"OBJECTID":17,"GEO_ID":"H85200001F0610298","BUILDING_ID":"H85200001","FLOOR_ID":"H85200001F06","POI_ID":"H85200001F0610298","NAME":"S25","CATEGORY_ID":25000,"COLOR":5,"ROOMNUM":null,"FLOOR_INDEX":6,"FLOOR_NAME":"F6","ORIG_FID":697,"LENGTH":112},"geometry":{"x":1504.3302000015974,"y":505.6072999984026}},{"attributes":{"OBJECTID":18,"GEO_ID":"H85200001F0610299","BUILDING_ID":"H85200001","FLOOR_ID":"H85200001F06","POI_ID":"H85200001F0610299","NAME":"S23","CATEGORY_ID":25000,"COLOR":5,"ROOMNUM":null,"FLOOR_INDEX":6,"FLOOR_NAME":"F6","ORIG_FID":700,"LENGTH":112},"geometry":{"x":1576.3302000015974,"y":505.6072999984026}},{"attributes":{"OBJECTID":19,"GEO_ID":"H85200001F0610300","BUILDING_ID":"H85200001","FLOOR_ID":"H85200001F06","POI_ID":"H85200001F0610300","NAME":"S21","CATEGORY_ID":25000,"COLOR":5,"ROOMNUM":null,"FLOOR_INDEX":6,"FLOOR_NAME":"F6","ORIG_FID":703,"LENGTH":112},"geometry":{"x":1675.3302000015974,"y":505.6072999984026}},{"attributes":{"OBJECTID":20,"GEO_ID":"H85200001F0610301","BUILDING_ID":"H85200001","FLOOR_ID":"H85200001F06","POI_ID":"H85200001F0610301","NAME":"E1","CATEGORY_ID":25000,"COLOR":5,"ROOMNUM":null,"FLOOR_INDEX":6,"FLOOR_NAME":"F6","ORIG_FID":715,"LENGTH":110},"geometry":{"x":1798.6832000017166,"y":358.69530000165105}},{"attributes":{"OBJECTID":21,"GEO_ID":"H85200001F0610302","BUILDING_ID":"H85200001","FLOOR_ID":"H85200001F06","POI_ID":"H85200001F0610302","NAME":"E2","CATEGORY_ID":25000,"COLOR":5,"ROOMNUM":null,"FLOOR_INDEX":6,"FLOOR_NAME":"F6","ORIG_FID":716,"LENGTH":110},"geometry":{"x":1798.6832000017166,"y":286.69530000165105}},{"attributes":{"OBJECTID":22,"GEO_ID":"H85200001F0610303","BUILDING_ID":"H85200001","FLOOR_ID":"H85200001F06","POI_ID":"H85200001F0610303","NAME":"E3","CATEGORY_ID":25000,"COLOR":5,"ROOMNUM":null,"FLOOR_INDEX":6,"FLOOR_NAME":"F6","ORIG_FID":717,"LENGTH":110},"geometry":{"x":1798.6832000017166,"y":214.69519999995828}},{"attributes":{"OBJECTID":23,"GEO_ID":"H85200001F0610304","BUILDING_ID":"H85200001","FLOOR_ID":"H85200001F06","POI_ID":"H85200001F0610304","NAME":"E4","CATEGORY_ID":25000,"COLOR":5,"ROOMNUM":null,"FLOOR_INDEX":6,"FLOOR_NAME":"F6","ORIG_FID":718,"LENGTH":112},"geometry":{"x":1843.6832000017166,"y":181.6072999984026}},{"attributes":{"OBJECTID":24,"GEO_ID":"H85200001F0610305","BUILDING_ID":"H85200001","FLOOR_ID":"H85200001F06","POI_ID":"H85200001F0610305","NAME":"E15","CATEGORY_ID":25000,"COLOR":5,"ROOMNUM":null,"FLOOR_INDEX":6,"FLOOR_NAME":"F6","ORIG_FID":720,"LENGTH":112},"geometry":{"x":1798.6832000017166,"y":697.78429999947548}},{"attributes":{"OBJECTID":25,"GEO_ID":"H85200001F0610306","BUILDING_ID":"H85200001","FLOOR_ID":"H85200001F06","POI_ID":"H85200001F0610306","NAME":"E16","CATEGORY_ID":25000,"COLOR":5,"ROOMNUM":null,"FLOOR_INDEX":6,"FLOOR_NAME":"F6","ORIG_FID":722,"LENGTH":110},"geometry":{"x":1798.6832000017166,"y":793.87220000103116}},{"attributes":{"OBJECTID":26,"GEO_ID":"H85200001F0610307","BUILDING_ID":"H85200001","FLOOR_ID":"H85200001F06","POI_ID":"H85200001F0610307","NAME":"E17","CATEGORY_ID":25000,"COLOR":5,"ROOMNUM":null,"FLOOR_INDEX":6,"FLOOR_NAME":"F6","ORIG_FID":724,"LENGTH":110},"geometry":{"x":1798.6832000017166,"y":865.87229999899864}},{"attributes":{"OBJECTID":27,"GEO_ID":"H85200001F0610308","BUILDING_ID":"H85200001","FLOOR_ID":"H85200001F06","POI_ID":"H85200001F0610308","NAME":"E18","CATEGORY_ID":25000,"COLOR":5,"ROOMNUM":null,"FLOOR_INDEX":6,"FLOOR_NAME":"F6","ORIG_FID":725,"LENGTH":112},"geometry":{"x":1825.6832000017166,"y":898.96020000055432}},{"attributes":{"OBJECTID":28,"GEO_ID":"H85200001F0610309","BUILDING_ID":"H85200001","FLOOR_ID":"H85200001F06","POI_ID":"H85200001F0610309","NAME":"E19","CATEGORY_ID":25000,"COLOR":5,"ROOMNUM":null,"FLOOR_INDEX":6,"FLOOR_NAME":"F6","ORIG_FID":726,"LENGTH":112},"geometry":{"x":1843.6832000017166,"y":898.96020000055432}},{"attributes":{"OBJECTID":29,"GEO_ID":"H85200001F0610310","BUILDING_ID":"H85200001","FLOOR_ID":"H85200001F06","POI_ID":"H85200001F0610310","NAME":"W61","CATEGORY_ID":25000,"COLOR":5,"ROOMNUM":null,"FLOOR_INDEX":6,"FLOOR_NAME":"F6","ORIG_FID":729,"LENGTH":114.91334894339721},"geometry":{"x":933.99720000103116,"y":642.57229999825358}},{"attributes":{"OBJECTID":30,"GEO_ID":"H85200001F0610311","BUILDING_ID":"H85200001","FLOOR_ID":"H85200001F06","POI_ID":"H85200001F0610311","NAME":"N60","CATEGORY_ID":25000,"COLOR":5,"ROOMNUM":null,"FLOOR_INDEX":6,"FLOOR_NAME":"F6","ORIG_FID":730,"LENGTH":115.05561966508319},"geometry":{"x":1010.5172000005841,"y":665.21229999884963}},{"attributes":{"OBJECTID":31,"GEO_ID":"H85200001F0610312","BUILDING_ID":"H85200001","FLOOR_ID":"H85200001F06","POI_ID":"H85200001F0610312","NAME":"W46","CATEGORY_ID":25000,"COLOR":5,"ROOMNUM":null,"FLOOR_INDEX":6,"FLOOR_NAME":"F6","ORIG_FID":731,"LENGTH":114.62214998844405},"geometry":{"x":808.07719999924302,"y":312.02120000123978}},{"attributes":{"OBJECTID":32,"GEO_ID":"H85200001F0610313","BUILDING_ID":"H85200001","FLOOR_ID":"H85200001F06","POI_ID":"H85200001F0610313","NAME":"W48","CATEGORY_ID":25000,"COLOR":5,"ROOMNUM":null,"FLOOR_INDEX":6,"FLOOR_NAME":"F6","ORIG_FID":732,"LENGTH":114.62214998845567},"geometry":{"x":754.13819999992847,"y":258.08219999819994}},{"attributes":{"OBJECTID":33,"GEO_ID":"H85200001F0610314","BUILDING_ID":"H85200001","FLOOR_ID":"H85200001F06","POI_ID":"H85200001F0610314","NAME":"W44","CATEGORY_ID":25000,"COLOR":5,"ROOMNUM":null,"FLOOR_INDEX":6,"FLOOR_NAME":"F6","ORIG_FID":733,"LENGTH":114.62214999371211},"geometry":{"x":862.08920000120997,"y":366.03429999947548}},{"attributes":{"OBJECTID":34,"GEO_ID":"H85200001F0610315","BUILDING_ID":"H85200001","FLOOR_ID":"H85200001F06","POI_ID":"H85200001F0610315","NAME":"W40","CATEGORY_ID":25000,"COLOR":5,"ROOMNUM":null,"FLOOR_INDEX":6,"FLOOR_NAME":"F6","ORIG_FID":734,"LENGTH":114.62214998317339},"geometry":{"x":970.07620000094175,"y":474.02019999921322}},{"attributes":{"OBJECTID":35,"GEO_ID":"H85200001F0610316","BUILDING_ID":"H85200001","FLOOR_ID":"H85200001F06","POI_ID":"H85200001F0610316","NAME":"W42","CATEGORY_ID":25000,"COLOR":5,"ROOMNUM":null,"FLOOR_INDEX":6,"FLOOR_NAME":"F6","ORIG_FID":735,"LENGTH":114.62214999371211},"geometry":{"x":916.04619999974966,"y":419.99020000174642}},{"attributes":{"OBJECTID":36,"GEO_ID":"H85200001F0610317","BUILDING_ID":"H85200001","FLOOR_ID":"H85200001F06","POI_ID":"H85200001F0610317","NAME":"S41","CATEGORY_ID":25000,"COLOR":5,"ROOMNUM":null,"FLOOR_INDEX":6,"FLOOR_NAME":"F6","ORIG_FID":738,"LENGTH":116.06591902472033},"geometry":{"x":1001.5091999992728,"y":406.15830000117421}},{"attributes":{"OBJECTID":37,"GEO_ID":"H85200001F0610318","BUILDING_ID":"H85200001","FLOOR_ID":"H85200001F06","POI_ID":"H85200001F0610318","NAME":"S43","CATEGORY_ID":25000,"COLOR":5,"ROOMNUM":null,"FLOOR_INDEX":6,"FLOOR_NAME":"F6","ORIG_FID":739,"LENGTH":116.06591902996811},"geometry":{"x":947.47619999945164,"y":352.12429999932647}},{"attributes":{"OBJECTID":38,"GEO_ID":"H85200001F0610319","BUILDING_ID":"H85200001","FLOOR_ID":"H85200001F06","POI_ID":"H85200001F0610319","NAME":"S45","CATEGORY_ID":25000,"COLOR":5,"ROOMNUM":null,"FLOOR_INDEX":6,"FLOOR_NAME":"F6","ORIG_FID":740,"LENGTH":116.06591902470964},"geometry":{"x":893.4281999990344,"y":298.07730000093579}},{"attributes":{"OBJECTID":39,"GEO_ID":"H85200001F0610320","BUILDING_ID":"H85200001","FLOOR_ID":"H85200001F06","POI_ID":"H85200001F0610320","NAME":"S47","CATEGORY_ID":25000,"COLOR":5,"ROOMNUM":null,"FLOOR_INDEX":6,"FLOOR_NAME":"F6","ORIG_FID":741,"LENGTH":116.04357451016593},"geometry":{"x":839.659200001508,"y":244.31129999831319}},{"attributes":{"OBJECTID":40,"GEO_ID":"H85200001F0610321","BUILDING_ID":"H85200001","FLOOR_ID":"H85200001F06","POI_ID":"H85200001F0610321","NAME":"S49","CATEGORY_ID":25000,"COLOR":5,"ROOMNUM":null,"FLOOR_INDEX":6,"FLOOR_NAME":"F6","ORIG_FID":742,"LENGTH":112},"geometry":{"x":793.3302000015974,"y":217.60720000043511}},{"attributes":{"OBJECTID":41,"GEO_ID":"H85200001F0610322","BUILDING_ID":"H85200001","FLOOR_ID":"H85200001F06","POI_ID":"H85200001F0610322","NAME":"W50","CATEGORY_ID":25000,"COLOR":5,"ROOMNUM":null,"FLOOR_INDEX":6,"FLOOR_NAME":"F6","ORIG_FID":743,"LENGTH":136},"geometry":{"x":775.4012000001967,"y":220.38329999893904}},{"attributes":{"OBJECTID":42,"GEO_ID":"H85200001F0610323","BUILDING_ID":"H85200001","FLOOR_ID":"H85200001F06","POI_ID":"H85200001F0610323","NAME":"N20","CATEGORY_ID":25000,"COLOR":5,"ROOMNUM":null,"FLOOR_INDEX":6,"FLOOR_NAME":"F6","ORIG_FID":745,"LENGTH":123.99760057635146},"geometry":{"x":1677.4481999985874,"y":576.54820000007749}},{"attributes":{"OBJECTID":43,"GEO_ID":"H85200001F0610324","BUILDING_ID":"H85200001","FLOOR_ID":"H85200001F06","POI_ID":"H85200001F0610324","NAME":"N36","CATEGORY_ID":25000,"COLOR":5,"ROOMNUM":null,"FLOOR_INDEX":6,"FLOOR_NAME":"F6","ORIG_FID":746,"LENGTH":111.97720276853735},"geometry":{"x":1117.327199999243,"y":574.95320000126958}},{"attributes":{"OBJECTID":44,"GEO_ID":"H85200001F0610325","BUILDING_ID":"H85200001","FLOOR_ID":"H85200001F06","POI_ID":"H85200001F0610325","NAME":"N34","CATEGORY_ID":25000,"COLOR":5,"ROOMNUM":null,"FLOOR_INDEX":6,"FLOOR_NAME":"F6","ORIG_FID":747,"LENGTH":111.97720276853735},"geometry":{"x":1189.327199999243,"y":574.95320000126958}},{"attributes":{"OBJECTID":45,"GEO_ID":"H85200001F0610326","BUILDING_ID":"H85200001","FLOOR_ID":"H85200001F06","POI_ID":"H85200001F0610326","NAME":"N32","CATEGORY_ID":25000,"COLOR":5,"ROOMNUM":null,"FLOOR_INDEX":6,"FLOOR_NAME":"F6","ORIG_FID":748,"LENGTH":111.97720276853735},"geometry":{"x":1261.8572000004351,"y":574.95320000126958}},{"attributes":{"OBJECTID":46,"GEO_ID":"H85200001F0610327","BUILDING_ID":"H85200001","FLOOR_ID":"H85200001F06","POI_ID":"H85200001F0610327","NAME":"N30","CATEGORY_ID":25000,"COLOR":5,"ROOMNUM":null,"FLOOR_INDEX":6,"FLOOR_NAME":"F6","ORIG_FID":749,"LENGTH":111.97720276853735},"geometry":{"x":1333.8572000004351,"y":574.95320000126958}},{"attributes":{"OBJECTID":47,"GEO_ID":"H85200001F0610328","BUILDING_ID":"H85200001","FLOOR_ID":"H85200001F06","POI_ID":"H85200001F0610328","NAME":"N28","CATEGORY_ID":25000,"COLOR":5,"ROOMNUM":null,"FLOOR_INDEX":6,"FLOOR_NAME":"F6","ORIG_FID":750,"LENGTH":111.97720276853735},"geometry":{"x":1414.8572000004351,"y":574.95320000126958}},{"attributes":{"OBJECTID":48,"GEO_ID":"H85200001F0610329","BUILDING_ID":"H85200001","FLOOR_ID":"H85200001F06","POI_ID":"H85200001F0610329","NAME":"N26","CATEGORY_ID":25000,"COLOR":5,"ROOMNUM":null,"FLOOR_INDEX":6,"FLOOR_NAME":"F6","ORIG_FID":751,"LENGTH":111.97720276853735},"geometry":{"x":1486.8572000004351,"y":574.95320000126958}},{"attributes":{"OBJECTID":49,"GEO_ID":"H85200001F0610330","BUILDING_ID":"H85200001","FLOOR_ID":"H85200001F06","POI_ID":"H85200001F0610330","NAME":"N24","CATEGORY_ID":25000,"COLOR":5,"ROOMNUM":null,"FLOOR_INDEX":6,"FLOOR_NAME":"F6","ORIG_FID":752,"LENGTH":111.97720276853735},"geometry":{"x":1558.8572000004351,"y":574.95320000126958}},{"attributes":{"OBJECTID":50,"GEO_ID":"H85200001F0610331","BUILDING_ID":"H85200001","FLOOR_ID":"H85200001F06","POI_ID":"H85200001F0610331","NAME":"N22","CATEGORY_ID":25000,"COLOR":5,"ROOMNUM":null,"FLOOR_INDEX":6,"FLOOR_NAME":"F6","ORIG_FID":753,"LENGTH":112},"geometry":{"x":1630.3302000015974,"y":574.9602999985218}},{"attributes":{"OBJECTID":52,"GEO_ID":"H85200001F0610165","BUILDING_ID":"H85200001","FLOOR_ID":"H85200001F06","POI_ID":"H85200001F0610165","NAME":"台湾牛肉面","CATEGORY_ID":25000,"COLOR":3,"ROOMNUM":null,"FLOOR_INDEX":6,"FLOOR_NAME":"F6","ORIG_FID":757,"LENGTH":162.42209688406984},"geometry":{"x":821.4552000015974,"y":790.94429999962449}},{"attributes":{"OBJECTID":53,"GEO_ID":"H85200001F0610166","BUILDING_ID":"H85200001","FLOOR_ID":"H85200001F06","POI_ID":"H85200001F0610166","NAME":"G2000","CATEGORY_ID":25000,"COLOR":3,"ROOMNUM":null,"FLOOR_INDEX":6,"FLOOR_NAME":"F6","ORIG_FID":762,"LENGTH":128.7036815622549},"geometry":{"x":932.30119999870658,"y":680.31329999864101}},{"attributes":{"OBJECTID":55,"GEO_ID":"H85200001F0610167","BUILDING_ID":"H85200001","FLOOR_ID":"H85200001F06","POI_ID":"H85200001F0610167","NAME":"agnès b.","CATEGORY_ID":25000,"COLOR":3,"ROOMNUM":null,"FLOOR_INDEX":6,"FLOOR_NAME":"F6","ORIG_FID":765,"LENGTH":66.468037431535464},"geometry":{"x":951.49219999834895,"y":688.12220000103116}},{"attributes":{"OBJECTID":59,"GEO_ID":"H85200001F0610168","BUILDING_ID":"H85200001","FLOOR_ID":"H85200001F06","POI_ID":"H85200001F0610168","NAME":"DFS Galleria","CATEGORY_ID":25000,"COLOR":3,"ROOMNUM":null,"FLOOR_INDEX":6,"FLOOR_NAME":"F6","ORIG_FID":772,"LENGTH":151.59797974644667},"geometry":{"x":1069.8311999998987,"y":564.34230000153184}},{"attributes":{"OBJECTID":60,"GEO_ID":"H85200001F0610169","BUILDING_ID":"H85200001","FLOOR_ID":"H85200001F06","POI_ID":"H85200001F0610169","NAME":"DFS Duty Free","CATEGORY_ID":25000,"COLOR":3,"ROOMNUM":null,"FLOOR_INDEX":6,"FLOOR_NAME":"F6","ORIG_FID":773,"LENGTH":90.397451912350945},"geometry":{"x":1041.6761999987066,"y":570.1343000009656}},{"attributes":{"OBJECTID":64,"GEO_ID":"H85200001F0610170","BUILDING_ID":"H85200001","FLOOR_ID":"H85200001F06","POI_ID":"H85200001F0610170","NAME":"食尚荟","CATEGORY_ID":25000,"COLOR":3,"ROOMNUM":null,"FLOOR_INDEX":6,"FLOOR_NAME":"F6","ORIG_FID":778,"LENGTH":296},"geometry":{"x":1016.4582000002265,"y":513.43530000001192}},{"attributes":{"OBJECTID":71,"GEO_ID":"H85200001F0610171","BUILDING_ID":"H85200001","FLOOR_ID":"H85200001F06","POI_ID":"H85200001F0610171","NAME":"经纬","CATEGORY_ID":25000,"COLOR":3,"ROOMNUM":null,"FLOOR_INDEX":6,"FLOOR_NAME":"F6","ORIG_FID":788,"LENGTH":75.740115370177605},"geometry":{"x":1020.5172000005841,"y":461.99630000069737}},{"attributes":{"OBJECTID":72,"GEO_ID":"H85200001F0610172","BUILDING_ID":"H85200001","FLOOR_ID":"H85200001F06","POI_ID":"H85200001F0610172","NAME":"Taste & Delights","CATEGORY_ID":25000,"COLOR":3,"ROOMNUM":null,"FLOOR_INDEX":6,"FLOOR_NAME":"F6","ORIG_FID":789,"LENGTH":121.24796401139822},"geometry":{"x":1004.6381999999285,"y":471.11829999834299}},{"attributes":{"OBJECTID":76,"GEO_ID":"H85200001F0610173","BUILDING_ID":"H85200001","FLOOR_ID":"H85200001F06","POI_ID":"H85200001F0610173","NAME":"DFS Galleria","CATEGORY_ID":25000,"COLOR":3,"ROOMNUM":null,"FLOOR_INDEX":6,"FLOOR_NAME":"F6","ORIG_FID":795,"LENGTH":100.41185066165698},"geometry":{"x":890.55020000040531,"y":359.89530000090599}},{"attributes":{"OBJECTID":77,"GEO_ID":"H85200001F0610174","BUILDING_ID":"H85200001","FLOOR_ID":"H85200001F06","POI_ID":"H85200001F0610174","NAME":"DFS Duty Free","CATEGORY_ID":25000,"COLOR":3,"ROOMNUM":null,"FLOOR_INDEX":6,"FLOOR_NAME":"F6","ORIG_FID":796,"LENGTH":76.368527349485475},"geometry":{"x":918.3332000002265,"y":357.00530000030994}},{"attributes":{"OBJECTID":80,"GEO_ID":"H85200001F0610175","BUILDING_ID":"H85200001","FLOOR_ID":"H85200001F06","POI_ID":"H85200001F0610175","NAME":"Nosh Café & Bar","CATEGORY_ID":25000,"COLOR":3,"ROOMNUM":null,"FLOOR_INDEX":6,"FLOOR_NAME":"F6","ORIG_FID":801,"LENGTH":164.04877323527901},"geometry":{"x":845.34420000016689,"y":793.84329999983311}},{"attributes":{"OBJECTID":90,"GEO_ID":"H85200001F0610176","BUILDING_ID":"H85200001","FLOOR_ID":"H85200001F06","POI_ID":"H85200001F0610176","NAME":"DFS Galleria","CATEGORY_ID":25000,"COLOR":3,"ROOMNUM":null,"FLOOR_INDEX":6,"FLOOR_NAME":"F6","ORIG_FID":811,"LENGTH":126},"geometry":{"x":1400.4162000007927,"y":550.29129999876022}},{"attributes":{"OBJECTID":94,"GEO_ID":"H85200001F0610177","BUILDING_ID":"H85200001","FLOOR_ID":"H85200001F06","POI_ID":"H85200001F0610177","NAME":"DFS Beauty","CATEGORY_ID":25000,"COLOR":3,"ROOMNUM":null,"FLOOR_INDEX":6,"FLOOR_NAME":"F6","ORIG_FID":816,"LENGTH":46},"geometry":{"x":1403.2622000016272,"y":530.36419999971986}},{"attributes":{"OBJECTID":95,"GEO_ID":"H85200001F0610178","BUILDING_ID":"H85200001","FLOOR_ID":"H85200001F06","POI_ID":"H85200001F0610178","NAME":"Page One","CATEGORY_ID":25000,"COLOR":3,"ROOMNUM":null,"FLOOR_INDEX":6,"FLOOR_NAME":"F6","ORIG_FID":817,"LENGTH":60},"geometry":{"x":1443.0841999985278,"y":550.11430000141263}},{"attributes":{"OBJECTID":96,"GEO_ID":"H85200001F0610179","BUILDING_ID":"H85200001","FLOOR_ID":"H85200001F06","POI_ID":"H85200001F0610179","NAME":"DFS Duty Free","CATEGORY_ID":25000,"COLOR":3,"ROOMNUM":null,"FLOOR_INDEX":6,"FLOOR_NAME":"F6","ORIG_FID":818,"LENGTH":114},"geometry":{"x":1437.6691999994218,"y":530.45430000126362}},{"attributes":{"OBJECTID":108,"GEO_ID":"H85200001F0610180","BUILDING_ID":"H85200001","FLOOR_ID":"H85200001F06","POI_ID":"H85200001F0610180","NAME":"Page One","CATEGORY_ID":25000,"COLOR":3,"ROOMNUM":null,"FLOOR_INDEX":6,"FLOOR_NAME":"F6","ORIG_FID":830,"LENGTH":160.15554958636494},"geometry":{"x":1721.6961999982595,"y":486.13129999861121}},{"attributes":{"OBJECTID":109,"GEO_ID":"H85200001F0610181","BUILDING_ID":"H85200001","FLOOR_ID":"H85200001F06","POI_ID":"H85200001F0610181","NAME":"经纬","CATEGORY_ID":25000,"COLOR":3,"ROOMNUM":null,"FLOOR_INDEX":6,"FLOOR_NAME":"F6","ORIG_FID":831,"LENGTH":157.07914675933031},"geometry":{"x":1722.8891999982297,"y":594.63230000063777}},{"attributes":{"OBJECTID":118,"GEO_ID":"H85200001F0610182","BUILDING_ID":"H85200001","FLOOR_ID":"H85200001F06","POI_ID":"H85200001F0610182","NAME":"Rolex","CATEGORY_ID":25000,"COLOR":3,"ROOMNUM":null,"FLOOR_INDEX":6,"FLOOR_NAME":"F6","ORIG_FID":840,"LENGTH":118.69200726515182},"geometry":{"x":1741.9202000014484,"y":566.41330000013113}},{"attributes":{"OBJECTID":121,"GEO_ID":"H85200001F0610183","BUILDING_ID":"H85200001","FLOOR_ID":"H85200001F06","POI_ID":"H85200001F0610183","NAME":"DFS Galleria","CATEGORY_ID":25000,"COLOR":3,"ROOMNUM":null,"FLOOR_INDEX":6,"FLOOR_NAME":"F6","ORIG_FID":844,"LENGTH":352.83460508146754},"geometry":{"x":1785.6301999986172,"y":656.11520000174642}},{"attributes":{"OBJECTID":124,"GEO_ID":"H85200001F0610184","BUILDING_ID":"H85200001","FLOOR_ID":"H85200001F06","POI_ID":"H85200001F0610184","NAME":"CHANEL","CATEGORY_ID":25000,"COLOR":3,"ROOMNUM":null,"FLOOR_INDEX":6,"FLOOR_NAME":"F6","ORIG_FID":849,"LENGTH":118.42849618054274},"geometry":{"x":1741.8731999993324,"y":514.10630000010133}},{"attributes":{"OBJECTID":129,"GEO_ID":"H85200001F0610185","BUILDING_ID":"H85200001","FLOOR_ID":"H85200001F06","POI_ID":"H85200001F0610185","NAME":"Sound & Vision enriching life","CATEGORY_ID":25000,"COLOR":3,"ROOMNUM":null,"FLOOR_INDEX":6,"FLOOR_NAME":"F6","ORIG_FID":854,"LENGTH":188.98734226459447},"geometry":{"x":1803.6642000004649,"y":435.91330000013113}},{"attributes":{"OBJECTID":130,"GEO_ID":"H85200001F0610186","BUILDING_ID":"H85200001","FLOOR_ID":"H85200001F06","POI_ID":"H85200001F0610186","NAME":"DFS Beauty","CATEGORY_ID":25000,"COLOR":3,"ROOMNUM":null,"FLOOR_INDEX":6,"FLOOR_NAME":"F6","ORIG_FID":855,"LENGTH":267.5963193369285},"geometry":{"x":1796.1271999999881,"y":488.51429999992251}},{"attributes":{"OBJECTID":131,"GEO_ID":"H85200001F0610187","BUILDING_ID":"H85200001","FLOOR_ID":"H85200001F06","POI_ID":"H85200001F0610187","NAME":"DFS Duty Free","CATEGORY_ID":25000,"COLOR":3,"ROOMNUM":null,"FLOOR_INDEX":6,"FLOOR_NAME":"F6","ORIG_FID":856,"LENGTH":258.05660698230787},"geometry":{"x":1788.1891999989748,"y":420.33229999989271}},{"attributes":{"OBJECTID":148,"GEO_ID":"H85200001F0610189","BUILDING_ID":"H85200001","FLOOR_ID":"H85200001F06","POI_ID":"H85200001F0610189","NAME":"DFS Galleria","CATEGORY_ID":25000,"COLOR":3,"ROOMNUM":null,"FLOOR_INDEX":6,"FLOOR_NAME":"F6","ORIG_FID":873,"LENGTH":80},"geometry":{"x":1839.1832000017166,"y":308.93129999935627}},{"attributes":{"OBJECTID":149,"GEO_ID":"H85200001F0610190","BUILDING_ID":"H85200001","FLOOR_ID":"H85200001F06","POI_ID":"H85200001F0610190","NAME":"Délifrance","CATEGORY_ID":25000,"COLOR":3,"ROOMNUM":null,"FLOOR_INDEX":6,"FLOOR_NAME":"F6","ORIG_FID":874,"LENGTH":38},"geometry":{"x":1837.5951999984682,"y":318.72520000115037}},{"attributes":{"OBJECTID":150,"GEO_ID":"H85200001F0610191","BUILDING_ID":"H85200001","FLOOR_ID":"H85200001F06","POI_ID":"H85200001F0610191","NAME":"DFS Duty Free","CATEGORY_ID":25000,"COLOR":3,"ROOMNUM":null,"FLOOR_INDEX":6,"FLOOR_NAME":"F6","ORIG_FID":875,"LENGTH":50},"geometry":{"x":1839.1832000017166,"y":299.13729999959469}},{"attributes":{"OBJECTID":153,"GEO_ID":"H85200001F0610192","BUILDING_ID":"H85200001","FLOOR_ID":"H85200001F06","POI_ID":"H85200001F0610192","NAME":"Page One","CATEGORY_ID":25000,"COLOR":3,"ROOMNUM":null,"FLOOR_INDEX":6,"FLOOR_NAME":"F6","ORIG_FID":878,"LENGTH":72},"geometry":{"x":1838.0722000002861,"y":380.08430000022054}},{"attributes":{"OBJECTID":154,"GEO_ID":"H85200001F0610193","BUILDING_ID":"H85200001","FLOOR_ID":"H85200001F06","POI_ID":"H85200001F0610193","NAME":"DFS Beauty","CATEGORY_ID":25000,"COLOR":3,"ROOMNUM":null,"FLOOR_INDEX":6,"FLOOR_NAME":"F6","ORIG_FID":879,"LENGTH":50},"geometry":{"x":1837.5951999984682,"y":370.07820000126958}},{"attributes":{"OBJECTID":155,"GEO_ID":"H85200001F0610194","BUILDING_ID":"H85200001","FLOOR_ID":"H85200001F06","POI_ID":"H85200001F0610194","NAME":"DFS Galleria","CATEGORY_ID":25000,"COLOR":3,"ROOMNUM":null,"FLOOR_INDEX":6,"FLOOR_NAME":"F6","ORIG_FID":880,"LENGTH":100},"geometry":{"x":1838.2862000018358,"y":773.05029999837279}},{"attributes":{"OBJECTID":157,"GEO_ID":"H85200001F0610195","BUILDING_ID":"H85200001","FLOOR_ID":"H85200001F06","POI_ID":"H85200001F0610195","NAME":"DFS Duty Free","CATEGORY_ID":25000,"COLOR":3,"ROOMNUM":null,"FLOOR_INDEX":6,"FLOOR_NAME":"F6","ORIG_FID":882,"LENGTH":52},"geometry":{"x":1839.1832000017166,"y":761.57829999923706}},{"attributes":{"OBJECTID":158,"GEO_ID":"H85200001F0610196","BUILDING_ID":"H85200001","FLOOR_ID":"H85200001F06","POI_ID":"H85200001F0610196","NAME":"Starbucks","CATEGORY_ID":25000,"COLOR":3,"ROOMNUM":null,"FLOOR_INDEX":6,"FLOOR_NAME":"F6","ORIG_FID":883,"LENGTH":40},"geometry":{"x":1837.5951999984682,"y":786.9902999997139}},{"attributes":{"OBJECTID":161,"GEO_ID":"H85200001F0610197","BUILDING_ID":"H85200001","FLOOR_ID":"H85200001F06","POI_ID":"H85200001F0610197","NAME":"经纬","CATEGORY_ID":25000,"COLOR":3,"ROOMNUM":null,"FLOOR_INDEX":6,"FLOOR_NAME":"F6","ORIG_FID":887,"LENGTH":72},"geometry":{"x":1838.1482000015676,"y":700.10830000042915}},{"attributes":{"OBJECTID":162,"GEO_ID":"H85200001F0610198","BUILDING_ID":"H85200001","FLOOR_ID":"H85200001F06","POI_ID":"H85200001F0610198","NAME":"DFS Beauty","CATEGORY_ID":25000,"COLOR":3,"ROOMNUM":null,"FLOOR_INDEX":6,"FLOOR_NAME":"F6","ORIG_FID":888,"LENGTH":44},"geometry":{"x":1837.5951999984682,"y":709.69519999995828}},{"attributes":{"OBJECTID":164,"GEO_ID":"H85200001F0610199","BUILDING_ID":"H85200001","FLOOR_ID":"H85200001F06","POI_ID":"H85200001F0610199","NAME":"Wellness Salon","CATEGORY_ID":25000,"COLOR":3,"ROOMNUM":null,"FLOOR_INDEX":6,"FLOOR_NAME":"F6","ORIG_FID":890,"LENGTH":170.04163056034261},"geometry":{"x":1840.5311999991536,"y":666.58929999917746}},{"attributes":{"OBJECTID":166,"GEO_ID":"H85200001F0610200","BUILDING_ID":"H85200001","FLOOR_ID":"H85200001F06","POI_ID":"H85200001F0610200","NAME":"ZARA","CATEGORY_ID":25000,"COLOR":3,"ROOMNUM":null,"FLOOR_INDEX":6,"FLOOR_NAME":"F6","ORIG_FID":892,"LENGTH":318},"geometry":{"x":1836.4202000014484,"y":616.25629999861121}},{"attributes":{"OBJECTID":169,"GEO_ID":"H85200001F0610201","BUILDING_ID":"H85200001","FLOOR_ID":"H85200001F06","POI_ID":"H85200001F0610201","NAME":"Sound & Vision enriching life","CATEGORY_ID":25000,"COLOR":3,"ROOMNUM":null,"FLOOR_INDEX":6,"FLOOR_NAME":"F6","ORIG_FID":896,"LENGTH":215.69446962163173},"geometry":{"x":1803.2791999988258,"y":644.00530000030994}},{"attributes":{"OBJECTID":174,"GEO_ID":"H85200001F0610202","BUILDING_ID":"H85200001","FLOOR_ID":"H85200001F06","POI_ID":"H85200001F0610202","NAME":"M.A.C.","CATEGORY_ID":25000,"COLOR":3,"ROOMNUM":null,"FLOOR_INDEX":6,"FLOOR_NAME":"F6","ORIG_FID":904,"LENGTH":24},"geometry":{"x":1787.3011999987066,"y":621.284200001508}},{"attributes":{"OBJECTID":175,"GEO_ID":"H85200001F0610203","BUILDING_ID":"H85200001","FLOOR_ID":"H85200001F06","POI_ID":"H85200001F0610203","NAME":"Piaget","CATEGORY_ID":25000,"COLOR":3,"ROOMNUM":null,"FLOOR_INDEX":6,"FLOOR_NAME":"F6","ORIG_FID":905,"LENGTH":50.698484809834994},"geometry":{"x":1781.0482000000775,"y":615.37519999966025}},{"attributes":{"OBJECTID":176,"GEO_ID":"H85200001F0610204","BUILDING_ID":"H85200001","FLOOR_ID":"H85200001F06","POI_ID":"H85200001F0610204","NAME":"Travelex Worldwide Money","CATEGORY_ID":25000,"COLOR":3,"ROOMNUM":null,"FLOOR_INDEX":6,"FLOOR_NAME":"F6","ORIG_FID":906,"LENGTH":65.076688411065746},"geometry":{"x":1771.8031999990344,"y":604.49130000174046}},{"attributes":{"OBJECTID":177,"GEO_ID":"H85200001F0610205","BUILDING_ID":"H85200001","FLOOR_ID":"H85200001F06","POI_ID":"H85200001F0610205","NAME":"Jaeger-LeCoultre","CATEGORY_ID":25000,"COLOR":3,"ROOMNUM":null,"FLOOR_INDEX":6,"FLOOR_NAME":"F6","ORIG_FID":907,"LENGTH":56.493956887135404},"geometry":{"x":1750.0172000005841,"y":580.53620000183582}},{"attributes":{"OBJECTID":181,"GEO_ID":"H85200001F0610206","BUILDING_ID":"H85200001","FLOOR_ID":"H85200001F06","POI_ID":"H85200001F0610206","NAME":"DFS Duty Free","CATEGORY_ID":25000,"COLOR":3,"ROOMNUM":null,"FLOOR_INDEX":6,"FLOOR_NAME":"F6","ORIG_FID":911,"LENGTH":252.83575663035899},"geometry":{"x":1808.5152000002563,"y":604.45430000126362}},{"attributes":{"OBJECTID":182,"GEO_ID":"H85200001F0610207","BUILDING_ID":"H85200001","FLOOR_ID":"H85200001F06","POI_ID":"H85200001F0610207","NAME":"Bottega Veneta","CATEGORY_ID":25000,"COLOR":3,"ROOMNUM":null,"FLOOR_INDEX":6,"FLOOR_NAME":"F6","ORIG_FID":912,"LENGTH":91.805977789896673},"geometry":{"x":1790.9312000013888,"y":565.97819999977946}},{"attributes":{"OBJECTID":184,"GEO_ID":"H85200001F0610209","BUILDING_ID":"H85200001","FLOOR_ID":"H85200001F06","POI_ID":"H85200001F0610209","NAME":"OMEGA","CATEGORY_ID":25000,"COLOR":3,"ROOMNUM":null,"FLOOR_INDEX":6,"FLOOR_NAME":"F6","ORIG_FID":914,"LENGTH":104.45408835251268},"geometry":{"x":1782.229200001806,"y":586.29320000112057}},{"attributes":{"OBJECTID":185,"GEO_ID":"H85200001F0610210","BUILDING_ID":"H85200001","FLOOR_ID":"H85200001F06","POI_ID":"H85200001F0610210","NAME":"Valentino","CATEGORY_ID":25000,"COLOR":3,"ROOMNUM":null,"FLOOR_INDEX":6,"FLOOR_NAME":"F6","ORIG_FID":915,"LENGTH":83.693065317856281},"geometry":{"x":1789.2302000001073,"y":575.04630000144243}},{"attributes":{"OBJECTID":186,"GEO_ID":"H85200001F0610211","BUILDING_ID":"H85200001","FLOOR_ID":"H85200001F06","POI_ID":"H85200001F0610211","NAME":"DFS Beauty","CATEGORY_ID":25000,"COLOR":3,"ROOMNUM":null,"FLOOR_INDEX":6,"FLOOR_NAME":"F6","ORIG_FID":916,"LENGTH":235.43705776837996},"geometry":{"x":1793.5672000013292,"y":588.01529999822378}},{"attributes":{"OBJECTID":188,"GEO_ID":"H85200001F0610212","BUILDING_ID":"H85200001","FLOOR_ID":"H85200001F06","POI_ID":"H85200001F0610212","NAME":"PRADA","CATEGORY_ID":25000,"COLOR":3,"ROOMNUM":null,"FLOOR_INDEX":6,"FLOOR_NAME":"F6","ORIG_FID":922,"LENGTH":92.484164560352809},"geometry":{"x":1797.5491999983788,"y":550.08830000087619}},{"attributes":{"OBJECTID":189,"GEO_ID":"H85200001F0610213","BUILDING_ID":"H85200001","FLOOR_ID":"H85200001F06","POI_ID":"H85200001F0610213","NAME":"Christian Dior","CATEGORY_ID":25000,"COLOR":3,"ROOMNUM":null,"FLOOR_INDEX":6,"FLOOR_NAME":"F6","ORIG_FID":923,"LENGTH":106.48642714614283},"geometry":{"x":1797.9101999998093,"y":540.01630000025034}},{"attributes":{"OBJECTID":190,"GEO_ID":"H85200001F0610214","BUILDING_ID":"H85200001","FLOOR_ID":"H85200001F06","POI_ID":"H85200001F0610214","NAME":"Burberry","CATEGORY_ID":25000,"COLOR":3,"ROOMNUM":null,"FLOOR_INDEX":6,"FLOOR_NAME":"F6","ORIG_FID":924,"LENGTH":92.769067284546111},"geometry":{"x":1797.4501999989152,"y":529.97630000114441}},{"attributes":{"OBJECTID":193,"GEO_ID":"H85200001F0610216","BUILDING_ID":"H85200001","FLOOR_ID":"H85200001F06","POI_ID":"H85200001F0610216","NAME":"Bvlgari","CATEGORY_ID":25000,"COLOR":3,"ROOMNUM":null,"FLOOR_INDEX":6,"FLOOR_NAME":"F6","ORIG_FID":930,"LENGTH":74.506473560087116},"geometry":{"x":1791.6391999982297,"y":512.89429999887943}},{"attributes":{"OBJECTID":195,"GEO_ID":"H85200001F0610218","BUILDING_ID":"H85200001","FLOOR_ID":"H85200001F06","POI_ID":"H85200001F0610218","NAME":"Ermenegildo Zegna","CATEGORY_ID":25000,"COLOR":3,"ROOMNUM":null,"FLOOR_INDEX":6,"FLOOR_NAME":"F6","ORIG_FID":932,"LENGTH":75.654924745598493},"geometry":{"x":1789.2331999987364,"y":506.08419999852777}},{"attributes":{"OBJECTID":196,"GEO_ID":"H85200001F0610219","BUILDING_ID":"H85200001","FLOOR_ID":"H85200001F06","POI_ID":"H85200001F0610219","NAME":"Cartier","CATEGORY_ID":25000,"COLOR":3,"ROOMNUM":null,"FLOOR_INDEX":6,"FLOOR_NAME":"F6","ORIG_FID":933,"LENGTH":73.674960747897927},"geometry":{"x":1785.8101999983191,"y":499.93320000171661}},{"attributes":{"OBJECTID":197,"GEO_ID":"H85200001F0610220","BUILDING_ID":"H85200001","FLOOR_ID":"H85200001F06","POI_ID":"H85200001F0610220","NAME":"Versace","CATEGORY_ID":25000,"COLOR":3,"ROOMNUM":null,"FLOOR_INDEX":6,"FLOOR_NAME":"F6","ORIG_FID":934,"LENGTH":53.16112871214397},"geometry":{"x":1770.8431999981403,"y":567.10119999945164}},{"attributes":{"OBJECTID":209,"GEO_ID":"H85200001F0610221","BUILDING_ID":"H85200001","FLOOR_ID":"H85200001F06","POI_ID":"H85200001F0610221","NAME":"Chaumet","CATEGORY_ID":25000,"COLOR":3,"ROOMNUM":null,"FLOOR_INDEX":6,"FLOOR_NAME":"F6","ORIG_FID":947,"LENGTH":40.083417079577245},"geometry":{"x":1772.0082000009716,"y":556.7732000015676}},{"attributes":{"OBJECTID":210,"GEO_ID":"H85200001F0610222","BUILDING_ID":"H85200001","FLOOR_ID":"H85200001F06","POI_ID":"H85200001F0610222","NAME":"宝珀","CATEGORY_ID":25000,"COLOR":3,"ROOMNUM":null,"FLOOR_INDEX":6,"FLOOR_NAME":"F6","ORIG_FID":948,"LENGTH":59.88099577780914},"geometry":{"x":1776.9112000018358,"y":561.77129999920726}},{"attributes":{"OBJECTID":213,"GEO_ID":"H85200001F0610224","BUILDING_ID":"H85200001","FLOOR_ID":"H85200001F06","POI_ID":"H85200001F0610224","NAME":"万国表","CATEGORY_ID":25000,"COLOR":3,"ROOMNUM":null,"FLOOR_INDEX":6,"FLOOR_NAME":"F6","ORIG_FID":954,"LENGTH":51.471558949326003},"geometry":{"x":1770.8581999987364,"y":513.51729999855161}},{"attributes":{"OBJECTID":214,"GEO_ID":"H85200001F0610225","BUILDING_ID":"H85200001","FLOOR_ID":"H85200001F06","POI_ID":"H85200001F0610225","NAME":"Tiffany & Co.","CATEGORY_ID":25000,"COLOR":3,"ROOMNUM":null,"FLOOR_INDEX":6,"FLOOR_NAME":"F6","ORIG_FID":955,"LENGTH":44.828804340236168},"geometry":{"x":1771.0031999982893,"y":524.19229999929667}},{"attributes":{"OBJECTID":215,"GEO_ID":"H85200001F0610226","BUILDING_ID":"H85200001","FLOOR_ID":"H85200001F06","POI_ID":"H85200001F0610226","NAME":"DFS Galleria","CATEGORY_ID":25000,"COLOR":3,"ROOMNUM":null,"FLOOR_INDEX":6,"FLOOR_NAME":"F6","ORIG_FID":956,"LENGTH":228.54004788823696},"geometry":{"x":1813.777199998498,"y":470.88729999959469}},{"attributes":{"OBJECTID":216,"GEO_ID":"H85200001F0610227","BUILDING_ID":"H85200001","FLOOR_ID":"H85200001F06","POI_ID":"H85200001F0610227","NAME":"设计廊","CATEGORY_ID":25000,"COLOR":3,"ROOMNUM":null,"FLOOR_INDEX":6,"FLOOR_NAME":"F6","ORIG_FID":957,"LENGTH":100},"geometry":{"x":1830.4481999985874,"y":454.78429999947548}},{"attributes":{"OBJECTID":222,"GEO_ID":"H85200001F0610228","BUILDING_ID":"H85200001","FLOOR_ID":"H85200001F06","POI_ID":"H85200001F0610228","NAME":"Kiehl’s","CATEGORY_ID":25000,"COLOR":3,"ROOMNUM":null,"FLOOR_INDEX":6,"FLOOR_NAME":"F6","ORIG_FID":968,"LENGTH":38},"geometry":{"x":1787.5661999993026,"y":459.284200001508}},{"attributes":{"OBJECTID":223,"GEO_ID":"H85200001F0610229","BUILDING_ID":"H85200001","FLOOR_ID":"H85200001F06","POI_ID":"H85200001F0610229","NAME":"Swarovski","CATEGORY_ID":25000,"COLOR":3,"ROOMNUM":null,"FLOOR_INDEX":6,"FLOOR_NAME":"F6","ORIG_FID":969,"LENGTH":52.964372849885493},"geometry":{"x":1780.6862000003457,"y":464.48130000010133}},{"attributes":{"OBJECTID":224,"GEO_ID":"H85200001F0610230","BUILDING_ID":"H85200001","FLOOR_ID":"H85200001F06","POI_ID":"H85200001F0610230","NAME":"Travelex Worldwide Money","CATEGORY_ID":25000,"COLOR":3,"ROOMNUM":null,"FLOOR_INDEX":6,"FLOOR_NAME":"F6","ORIG_FID":971,"LENGTH":72.63153937713453},"geometry":{"x":1771.3762000016868,"y":475.680300001055}},{"attributes":{"OBJECTID":226,"GEO_ID":"H85200001F0610231","BUILDING_ID":"H85200001","FLOOR_ID":"H85200001F06","POI_ID":"H85200001F0610231","NAME":"Loro Piana","CATEGORY_ID":25000,"COLOR":3,"ROOMNUM":null,"FLOOR_INDEX":6,"FLOOR_NAME":"F6","ORIG_FID":977,"LENGTH":58.558201697369334},"geometry":{"x":1749.9532000012696,"y":499.87929999828339}},{"attributes":{"OBJECTID":229,"GEO_ID":"H85200001F0610232","BUILDING_ID":"H85200001","FLOOR_ID":"H85200001F06","POI_ID":"H85200001F0610232","NAME":"周大福珠宝金行","CATEGORY_ID":25000,"COLOR":3,"ROOMNUM":null,"FLOOR_INDEX":6,"FLOOR_NAME":"F6","ORIG_FID":980,"LENGTH":80.953307104118238},"geometry":{"x":1757.644200000912,"y":445.83430000022054}},{"attributes":{"OBJECTID":231,"GEO_ID":"H85200001F0610233","BUILDING_ID":"H85200001","FLOOR_ID":"H85200001F06","POI_ID":"H85200001F0610233","NAME":"Balenciaga","CATEGORY_ID":25000,"COLOR":3,"ROOMNUM":null,"FLOOR_INDEX":6,"FLOOR_NAME":"F6","ORIG_FID":982,"LENGTH":51.640290154554322},"geometry":{"x":1761.1332000009716,"y":454.33630000054836}},{"attributes":{"OBJECTID":232,"GEO_ID":"H85200001F0610234","BUILDING_ID":"H85200001","FLOOR_ID":"H85200001F06","POI_ID":"H85200001F0610234","NAME":"Givenchy","CATEGORY_ID":25000,"COLOR":3,"ROOMNUM":null,"FLOOR_INDEX":6,"FLOOR_NAME":"F6","ORIG_FID":983,"LENGTH":111.2513670223413},"geometry":{"x":1754.6902000010014,"y":457.03830000013113}},{"attributes":{"OBJECTID":233,"GEO_ID":"H85200001F0610235","BUILDING_ID":"H85200001","FLOOR_ID":"H85200001F06","POI_ID":"H85200001F0610235","NAME":"Coach","CATEGORY_ID":25000,"COLOR":3,"ROOMNUM":null,"FLOOR_INDEX":6,"FLOOR_NAME":"F6","ORIG_FID":984,"LENGTH":116.43877105079238},"geometry":{"x":1748.784200001508,"y":462.05420000106096}},{"attributes":{"OBJECTID":235,"GEO_ID":"H85200001F0610236","BUILDING_ID":"H85200001","FLOOR_ID":"H85200001F06","POI_ID":"H85200001F0610236","NAME":"Tory Burch","CATEGORY_ID":25000,"COLOR":3,"ROOMNUM":null,"FLOOR_INDEX":6,"FLOOR_NAME":"F6","ORIG_FID":986,"LENGTH":114.13899240592852},"geometry":{"x":1743.187199998647,"y":469.17330000177026}},{"attributes":{"OBJECTID":236,"GEO_ID":"H85200001F0610237","BUILDING_ID":"H85200001","FLOOR_ID":"H85200001F06","POI_ID":"H85200001F0610237","NAME":"Hugo Boss","CATEGORY_ID":25000,"COLOR":3,"ROOMNUM":null,"FLOOR_INDEX":6,"FLOOR_NAME":"F6","ORIG_FID":987,"LENGTH":115.42574276418065},"geometry":{"x":1738.3762000016868,"y":474.18230000138283}},{"attributes":{"OBJECTID":238,"GEO_ID":"H85200001F0610238","BUILDING_ID":"H85200001","FLOOR_ID":"H85200001F06","POI_ID":"H85200001F0610238","NAME":"Harrods","CATEGORY_ID":25000,"COLOR":3,"ROOMNUM":null,"FLOOR_INDEX":6,"FLOOR_NAME":"F6","ORIG_FID":989,"LENGTH":53.453337728628696},"geometry":{"x":1734.9032000005245,"y":485.78429999947548}},{"attributes":{"OBJECTID":239,"GEO_ID":"H85200001F0610239","BUILDING_ID":"H85200001","FLOOR_ID":"H85200001F06","POI_ID":"H85200001F0610239","NAME":"Moncler","CATEGORY_ID":25000,"COLOR":3,"ROOMNUM":null,"FLOOR_INDEX":6,"FLOOR_NAME":"F6","ORIG_FID":991,"LENGTH":76.597492990787202},"geometry":{"x":1722.8011999987066,"y":496.95729999989271}},{"attributes":{"OBJECTID":244,"GEO_ID":"H85200001F0610240","BUILDING_ID":"H85200001","FLOOR_ID":"H85200001F06","POI_ID":"H85200001F0610240","NAME":"周生生珠宝金行","CATEGORY_ID":25000,"COLOR":3,"ROOMNUM":null,"FLOOR_INDEX":6,"FLOOR_NAME":"F6","ORIG_FID":999,"LENGTH":77.879558348794788},"geometry":{"x":1757.9151999987662,"y":634.47320000082254}},{"attributes":{"OBJECTID":245,"GEO_ID":"H85200001F0610241","BUILDING_ID":"H85200001","FLOOR_ID":"H85200001F06","POI_ID":"H85200001F0610241","NAME":"Loewe","CATEGORY_ID":25000,"COLOR":3,"ROOMNUM":null,"FLOOR_INDEX":6,"FLOOR_NAME":"F6","ORIG_FID":1000,"LENGTH":51.180920026196418},"geometry":{"x":1761.2181999981403,"y":626.2272000014782}},{"attributes":{"OBJECTID":246,"GEO_ID":"H85200001F0610242","BUILDING_ID":"H85200001","FLOOR_ID":"H85200001F06","POI_ID":"H85200001F0610242","NAME":"Miu Miu","CATEGORY_ID":25000,"COLOR":3,"ROOMNUM":null,"FLOOR_INDEX":6,"FLOOR_NAME":"F6","ORIG_FID":1001,"LENGTH":106.24133437396327},"geometry":{"x":1755.159200001508,"y":623.180300001055}},{"attributes":{"OBJECTID":247,"GEO_ID":"H85200001F0610243","BUILDING_ID":"H85200001","FLOOR_ID":"H85200001F06","POI_ID":"H85200001F0610243","NAME":"Alfred Dunhill","CATEGORY_ID":25000,"COLOR":3,"ROOMNUM":null,"FLOOR_INDEX":6,"FLOOR_NAME":"F6","ORIG_FID":1002,"LENGTH":114.3188634910056},"geometry":{"x":1749.3022000007331,"y":618.47619999945164}},{"attributes":{"OBJECTID":250,"GEO_ID":"H85200001F0610245","BUILDING_ID":"H85200001","FLOOR_ID":"H85200001F06","POI_ID":"H85200001F0610245","NAME":"Gucci","CATEGORY_ID":25000,"COLOR":3,"ROOMNUM":null,"FLOOR_INDEX":6,"FLOOR_NAME":"F6","ORIG_FID":1005,"LENGTH":111.70038774695955},"geometry":{"x":1738.1391999982297,"y":606.17130000144243}},{"attributes":{"OBJECTID":253,"GEO_ID":"H85200001F0610246","BUILDING_ID":"H85200001","FLOOR_ID":"H85200001F06","POI_ID":"H85200001F0610246","NAME":"Jimmy Choo","CATEGORY_ID":25000,"COLOR":3,"ROOMNUM":null,"FLOOR_INDEX":6,"FLOOR_NAME":"F6","ORIG_FID":1009,"LENGTH":57.938913245912566},"geometry":{"x":1734.5381999984384,"y":594.9602999985218}},{"attributes":{"OBJECTID":254,"GEO_ID":"H85200001F0610247","BUILDING_ID":"H85200001","FLOOR_ID":"H85200001F06","POI_ID":"H85200001F0610247","NAME":"Bally","CATEGORY_ID":25000,"COLOR":3,"ROOMNUM":null,"FLOOR_INDEX":6,"FLOOR_NAME":"F6","ORIG_FID":1010,"LENGTH":69.648924098666299},"geometry":{"x":1723.0681999996305,"y":583.81230000033975}},{"attributes":{"OBJECTID":266,"GEO_ID":"H85200001F0610248","BUILDING_ID":"H85200001","FLOOR_ID":"H85200001F06","POI_ID":"H85200001F0610248","NAME":"Toys & Games","CATEGORY_ID":25000,"COLOR":3,"ROOMNUM":null,"FLOOR_INDEX":6,"FLOOR_NAME":"F6","ORIG_FID":1024,"LENGTH":40},"geometry":{"x":1429.6832000017166,"y":550.07820000126958}},{"attributes":{"OBJECTID":267,"GEO_ID":"H85200001F0610249","BUILDING_ID":"H85200001","FLOOR_ID":"H85200001F06","POI_ID":"H85200001F0610249","NAME":"太平洋咖啡","CATEGORY_ID":25000,"COLOR":3,"ROOMNUM":null,"FLOOR_INDEX":6,"FLOOR_NAME":"F6","ORIG_FID":1025,"LENGTH":44},"geometry":{"x":1434.8152000010014,"y":550.14330000057817}},{"attributes":{"OBJECTID":274,"GEO_ID":"H85200001F0610250","BUILDING_ID":"H85200001","FLOOR_ID":"H85200001F06","POI_ID":"H85200001F0610250","NAME":"Victoria’s Secret","CATEGORY_ID":25000,"COLOR":3,"ROOMNUM":null,"FLOOR_INDEX":6,"FLOOR_NAME":"F6","ORIG_FID":1033,"LENGTH":74},"geometry":{"x":1394.0641999989748,"y":530.1022000014782}},{"attributes":{"OBJECTID":275,"GEO_ID":"H85200001F0610251","BUILDING_ID":"H85200001","FLOOR_ID":"H85200001F06","POI_ID":"H85200001F0610251","NAME":"万宁","CATEGORY_ID":25000,"COLOR":3,"ROOMNUM":null,"FLOOR_INDEX":6,"FLOOR_NAME":"F6","ORIG_FID":1034,"LENGTH":38},"geometry":{"x":1408.242199998349,"y":530.49020000174642}},{"attributes":{"OBJECTID":276,"GEO_ID":"H85200001F0610252","BUILDING_ID":"H85200001","FLOOR_ID":"H85200001F06","POI_ID":"H85200001F0610252","NAME":"espressamente illy","CATEGORY_ID":25000,"COLOR":3,"ROOMNUM":null,"FLOOR_INDEX":6,"FLOOR_NAME":"F6","ORIG_FID":1035,"LENGTH":42},"geometry":{"x":1363.507199998945,"y":549.81329999864101}},{"attributes":{"OBJECTID":285,"GEO_ID":"H85200001F0610253","BUILDING_ID":"H85200001","FLOOR_ID":"H85200001F06","POI_ID":"H85200001F0610253","NAME":"DFS Beauty","CATEGORY_ID":25000,"COLOR":3,"ROOMNUM":null,"FLOOR_INDEX":6,"FLOOR_NAME":"F6","ORIG_FID":1044,"LENGTH":93.89920760916425},"geometry":{"x":1058.6902000010014,"y":580.92029999941587}},{"attributes":{"OBJECTID":293,"GEO_ID":"H85200001F0610254","BUILDING_ID":"H85200001","FLOOR_ID":"H85200001F06","POI_ID":"H85200001F0610254","NAME":"Burberry","CATEGORY_ID":25000,"COLOR":3,"ROOMNUM":null,"FLOOR_INDEX":6,"FLOOR_NAME":"F6","ORIG_FID":1057,"LENGTH":59.439217841878069},"geometry":{"x":1047.0942000001669,"y":592.96429999917746}},{"attributes":{"OBJECTID":294,"GEO_ID":"H85200001F0610255","BUILDING_ID":"H85200001","FLOOR_ID":"H85200001F06","POI_ID":"H85200001F0610255","NAME":"VERTU","CATEGORY_ID":25000,"COLOR":3,"ROOMNUM":null,"FLOOR_INDEX":6,"FLOOR_NAME":"F6","ORIG_FID":1058,"LENGTH":45.262615226200893},"geometry":{"x":1041.3601999990642,"y":594.8141999989748}},{"attributes":{"OBJECTID":299,"GEO_ID":"H85200001F0610256","BUILDING_ID":"H85200001","FLOOR_ID":"H85200001F06","POI_ID":"H85200001F0610256","NAME":"Juicy Couture","CATEGORY_ID":25000,"COLOR":3,"ROOMNUM":null,"FLOOR_INDEX":6,"FLOOR_NAME":"F6","ORIG_FID":1063,"LENGTH":94.752308678997366},"geometry":{"x":959.74120000004768,"y":679.54430000111461}},{"attributes":{"OBJECTID":300,"GEO_ID":"H85200001F0610257","BUILDING_ID":"H85200001","FLOOR_ID":"H85200001F06","POI_ID":"H85200001F0610257","NAME":"上海滩","CATEGORY_ID":25000,"COLOR":3,"ROOMNUM":null,"FLOOR_INDEX":6,"FLOOR_NAME":"F6","ORIG_FID":1064,"LENGTH":59.396969619669989},"geometry":{"x":945.27219999954104,"y":694.34319999814034}},{"attributes":{"OBJECTID":329,"GEO_ID":"H85200001F0610258","BUILDING_ID":"H85200001","FLOOR_ID":"H85200001F06","POI_ID":"H85200001F0610258","NAME":"FoodPlaza","CATEGORY_ID":25000,"COLOR":3,"ROOMNUM":null,"FLOOR_INDEX":6,"FLOOR_NAME":"F6","ORIG_FID":1097,"LENGTH":252.02333393008678},"geometry":{"x":1014.2082000002265,"y":566.4792999997735}},{"attributes":{"OBJECTID":332,"GEO_ID":"H85200001F0610259","BUILDING_ID":"H85200001","FLOOR_ID":"H85200001F06","POI_ID":"H85200001F0610259","NAME":"Sound & Vision enriching life","CATEGORY_ID":25000,"COLOR":3,"ROOMNUM":null,"FLOOR_INDEX":6,"FLOOR_NAME":"F6","ORIG_FID":1102,"LENGTH":58.472250845369871},"geometry":{"x":1047.7272000014782,"y":562.20419999957085}},{"attributes":{"OBJECTID":334,"GEO_ID":"H85200001F0610260","BUILDING_ID":"H85200001","FLOOR_ID":"H85200001F06","POI_ID":"H85200001F0610260","NAME":"DFS Galleria","CATEGORY_ID":25000,"COLOR":3,"ROOMNUM":null,"FLOOR_INDEX":6,"FLOOR_NAME":"F6","ORIG_FID":1104,"LENGTH":113.52691193458119},"geometry":{"x":1043.749200001359,"y":513.33029999956489}},{"attributes":{"OBJECTID":337,"GEO_ID":"H85200001F0610261","BUILDING_ID":"H85200001","FLOOR_ID":"H85200001F06","POI_ID":"H85200001F0610261","NAME":"Swarovski","CATEGORY_ID":25000,"COLOR":3,"ROOMNUM":null,"FLOOR_INDEX":6,"FLOOR_NAME":"F6","ORIG_FID":1109,"LENGTH":49.698484809834994},"geometry":{"x":1037.909200001508,"y":503.7373000010848}},{"attributes":{"OBJECTID":338,"GEO_ID":"H85200001F0610262","BUILDING_ID":"H85200001","FLOOR_ID":"H85200001F06","POI_ID":"H85200001F0610262","NAME":"Alexandre Zouari Paris","CATEGORY_ID":25000,"COLOR":3,"ROOMNUM":null,"FLOOR_INDEX":6,"FLOOR_NAME":"F6","ORIG_FID":1110,"LENGTH":33.970562748477136},"geometry":{"x":1033.3152000010014,"y":497.20829999819398}},{"attributes":{"OBJECTID":345,"GEO_ID":"H85200001F0610263","BUILDING_ID":"H85200001","FLOOR_ID":"H85200001F06","POI_ID":"H85200001F0610263","NAME":"DFS Beauty","CATEGORY_ID":25000,"COLOR":3,"ROOMNUM":null,"FLOOR_INDEX":6,"FLOOR_NAME":"F6","ORIG_FID":1118,"LENGTH":151.61292564009742},"geometry":{"x":1069.8311999998987,"y":516.22230000048876}},{"attributes":{"OBJECTID":350,"GEO_ID":"H85200001F0610265","BUILDING_ID":"H85200001","FLOOR_ID":"H85200001F06","POI_ID":"H85200001F0610265","NAME":"Emporio Armani","CATEGORY_ID":25000,"COLOR":3,"ROOMNUM":null,"FLOOR_INDEX":6,"FLOOR_NAME":"F6","ORIG_FID":1124,"LENGTH":93.408226082734544},"geometry":{"x":1058.7751999981701,"y":499.71429999917746}},{"attributes":{"OBJECTID":354,"GEO_ID":"H85200001F0610266","BUILDING_ID":"H85200001","FLOOR_ID":"H85200001F06","POI_ID":"H85200001F0610266","NAME":"Longchamp","CATEGORY_ID":25000,"COLOR":3,"ROOMNUM":null,"FLOOR_INDEX":6,"FLOOR_NAME":"F6","ORIG_FID":1128,"LENGTH":58.049463174032681},"geometry":{"x":1047.1801999993622,"y":487.14629999920726}},{"attributes":{"OBJECTID":356,"GEO_ID":"H85200001F0610267","BUILDING_ID":"H85200001","FLOOR_ID":"H85200001F06","POI_ID":"H85200001F0610267","NAME":"Coach","CATEGORY_ID":25000,"COLOR":3,"ROOMNUM":null,"FLOOR_INDEX":6,"FLOOR_NAME":"F6","ORIG_FID":1132,"LENGTH":42.46107535828245},"geometry":{"x":1041.624200001359,"y":485.7542000003159}},{"attributes":{"OBJECTID":358,"GEO_ID":"H85200001F0610268","BUILDING_ID":"H85200001","FLOOR_ID":"H85200001F06","POI_ID":"H85200001F0610268","NAME":"肯迪文","CATEGORY_ID":25000,"COLOR":3,"ROOMNUM":null,"FLOOR_INDEX":6,"FLOOR_NAME":"F6","ORIG_FID":1135,"LENGTH":38.184473327643225},"geometry":{"x":1035.4041999988258,"y":479.26929999887943}},{"attributes":{"OBJECTID":360,"GEO_ID":"H85200001F0610269","BUILDING_ID":"H85200001","FLOOR_ID":"H85200001F06","POI_ID":"H85200001F0610269","NAME":"瑞士维氏","CATEGORY_ID":25000,"COLOR":3,"ROOMNUM":null,"FLOOR_INDEX":6,"FLOOR_NAME":"F6","ORIG_FID":1137,"LENGTH":66.468037431535464},"geometry":{"x":1032.3991999998689,"y":472.83819999918342}},{"attributes":{"OBJECTID":361,"GEO_ID":"H85200001F0610270","BUILDING_ID":"H85200001","FLOOR_ID":"H85200001F06","POI_ID":"H85200001F0610270","NAME":"Sunglass Hut","CATEGORY_ID":25000,"COLOR":3,"ROOMNUM":null,"FLOOR_INDEX":6,"FLOOR_NAME":"F6","ORIG_FID":1138,"LENGTH":55.154328932550705},"geometry":{"x":1026.9332000017166,"y":467.62220000103116}},{"attributes":{"OBJECTID":362,"GEO_ID":"H85200001F0610271","BUILDING_ID":"H85200001","FLOOR_ID":"H85200001F06","POI_ID":"H85200001F0610271","NAME":"Cerruti 1881","CATEGORY_ID":25000,"COLOR":3,"ROOMNUM":null,"FLOOR_INDEX":6,"FLOOR_NAME":"F6","ORIG_FID":1139,"LENGTH":60.763782236468643},"geometry":{"x":1020.757199998945,"y":485.63030000030994}},{"attributes":{"OBJECTID":363,"GEO_ID":"H85200001F0610272","BUILDING_ID":"H85200001","FLOOR_ID":"H85200001F06","POI_ID":"H85200001F0610272","NAME":"DFS Duty Free","CATEGORY_ID":25000,"COLOR":3,"ROOMNUM":null,"FLOOR_INDEX":6,"FLOOR_NAME":"F6","ORIG_FID":1141,"LENGTH":78.596768800040735},"geometry":{"x":1013.5201999992132,"y":481.43730000033975}},{"attributes":{"OBJECTID":376,"GEO_ID":"H85200001F0610273","BUILDING_ID":"H85200001","FLOOR_ID":"H85200001F06","POI_ID":"H85200001F0610273","NAME":"DFS Beauty","CATEGORY_ID":25000,"COLOR":3,"ROOMNUM":null,"FLOOR_INDEX":6,"FLOOR_NAME":"F6","ORIG_FID":1154,"LENGTH":56.568542494923804},"geometry":{"x":924.36019999906421,"y":363.9902999997139}},{"attributes":{"OBJECTID":377,"GEO_ID":"H85200001F0610274","BUILDING_ID":"H85200001","FLOOR_ID":"H85200001F06","POI_ID":"H85200001F0610274","NAME":"经纬","CATEGORY_ID":25000,"COLOR":3,"ROOMNUM":null,"FLOOR_INDEX":6,"FLOOR_NAME":"F6","ORIG_FID":1155,"LENGTH":53.740115370177612},"geometry":{"x":909.80119999870658,"y":349.43120000138879}},{"attributes":{"OBJECTID":378,"GEO_ID":"H85200001F0610275","BUILDING_ID":"H85200001","FLOOR_ID":"H85200001F06","POI_ID":"H85200001F0610275","NAME":"Starbucks","CATEGORY_ID":25000,"COLOR":3,"ROOMNUM":null,"FLOOR_INDEX":6,"FLOOR_NAME":"F6","ORIG_FID":1156,"LENGTH":56.565856220414659},"geometry":{"x":901.86019999906421,"y":370.87229999899864}}]}