{"displayFieldName":"","fieldAliases":{"OBJECTID":"OBJECTID","GEO_ID":"GEO_ID","BUILDING_ID":"BUILDING_ID","FLOOR_ID":"FLOOR_ID","POI_ID":"POI_ID","NAME":"NAME","CATEGORY_ID":"CATEGORY_ID","COLOR":"COLOR","ROOMNUM":"ROOMNUM","FLOOR_INDEX":"FLOOR_INDEX","FLOOR_NAME":"FLOOR_NAME","ORIG_FID":"ORIG_FID","LENGTH":"LENGTH"},"geometryType":"esriGeometryPoint","spatialReference":{"wkid":3395,"latestWkid":3395},"fields":[{"name":"OBJECTID","type":"esriFieldTypeOID","alias":"OBJECTID"},{"name":"GEO_ID","type":"esriFieldTypeString","alias":"GEO_ID","length":50},{"name":"BUILDING_ID","type":"esriFieldTypeString","alias":"BUILDING_ID","length":50},{"name":"FLOOR_ID","type":"esriFieldTypeString","alias":"FLOOR_ID","length":50},{"name":"POI_ID","type":"esriFieldTypeString","alias":"POI_ID","length":50},{"name":"NAME","type":"esriFieldTypeString","alias":"NAME","length":50},{"name":"CATEGORY_ID","type":"esriFieldTypeSmallInteger","alias":"CATEGORY_ID"},{"name":"COLOR","type":"esriFieldTypeSmallInteger","alias":"COLOR"},{"name":"ROOMNUM","type":"esriFieldTypeString","alias":"ROOMNUM","length":50},{"name":"FLOOR_INDEX","type":"esriFieldTypeSmallInteger","alias":"FLOOR_INDEX"},{"name":"FLOOR_NAME","type":"esriFieldTypeString","alias":"FLOOR_NAME","length":50},{"name":"ORIG_FID","type":"esriFieldTypeInteger","alias":"ORIG_FID"},{"name":"LENGTH","type":"esriFieldTypeDouble","alias":"LENGTH"}],"features":[{"attributes":{"OBJECTID":292,"GEO_ID":"H85200001F0460001","BUILDING_ID":"H85200001","FLOOR_ID":"H85200001F04","POI_ID":"H85200001F0460001","NAME":"501-510","CATEGORY_ID":25000,"COLOR":25000,"ROOMNUM":null,"FLOOR_INDEX":4,"FLOOR_NAME":"F4","ORIG_FID":null,"LENGTH":null},"geometry":{"x":1722.4561999998987,"y":603.79830000177026}},{"attributes":{"OBJECTID":293,"GEO_ID":"H85200001F0460002","BUILDING_ID":"H85200001","FLOOR_ID":"H85200001F04","POI_ID":"H85200001F0460002","NAME":"511","CATEGORY_ID":25000,"COLOR":25000,"ROOMNUM":null,"FLOOR_INDEX":4,"FLOOR_NAME":"F4","ORIG_FID":null,"LENGTH":null},"geometry":{"x":1748.019200000912,"y":626.2102999985218}},{"attributes":{"OBJECTID":294,"GEO_ID":"H85200001F0460003","BUILDING_ID":"H85200001","FLOOR_ID":"H85200001F04","POI_ID":"H85200001F0460003","NAME":"512","CATEGORY_ID":25000,"COLOR":25000,"ROOMNUM":null,"FLOOR_INDEX":4,"FLOOR_NAME":"F4","ORIG_FID":null,"LENGTH":null},"geometry":{"x":1759.5751999989152,"y":638.11719999834895}},{"attributes":{"OBJECTID":295,"GEO_ID":"H85200001F0460004","BUILDING_ID":"H85200001","FLOOR_ID":"H85200001F04","POI_ID":"H85200001F0460004","NAME":"513","CATEGORY_ID":25000,"COLOR":25000,"ROOMNUM":null,"FLOOR_INDEX":4,"FLOOR_NAME":"F4","ORIG_FID":null,"LENGTH":null},"geometry":{"x":1772.1821999996901,"y":650.37319999933243}},{"attributes":{"OBJECTID":296,"GEO_ID":"H85200001F0460005","BUILDING_ID":"H85200001","FLOOR_ID":"H85200001F04","POI_ID":"H85200001F0460005","NAME":"525","CATEGORY_ID":25000,"COLOR":25000,"ROOMNUM":null,"FLOOR_INDEX":4,"FLOOR_NAME":"F4","ORIG_FID":null,"LENGTH":null},"geometry":{"x":1783.3881999999285,"y":417.15029999986291}},{"attributes":{"OBJECTID":297,"GEO_ID":"H85200001F0460006","BUILDING_ID":"H85200001","FLOOR_ID":"H85200001F04","POI_ID":"H85200001F0460006","NAME":"521","CATEGORY_ID":25000,"COLOR":25000,"ROOMNUM":null,"FLOOR_INDEX":4,"FLOOR_NAME":"F4","ORIG_FID":null,"LENGTH":null},"geometry":{"x":1735.4131999984384,"y":465.82620000094175}},{"attributes":{"OBJECTID":298,"GEO_ID":"H85200001F0460007","BUILDING_ID":"H85200001","FLOOR_ID":"H85200001F04","POI_ID":"H85200001F0460007","NAME":"522","CATEGORY_ID":25000,"COLOR":25000,"ROOMNUM":null,"FLOOR_INDEX":4,"FLOOR_NAME":"F4","ORIG_FID":null,"LENGTH":null},"geometry":{"x":1746.2681999988854,"y":453.92029999941587}},{"attributes":{"OBJECTID":299,"GEO_ID":"H85200001F0460008","BUILDING_ID":"H85200001","FLOOR_ID":"H85200001F04","POI_ID":"H85200001F0460008","NAME":"523","CATEGORY_ID":25000,"COLOR":25000,"ROOMNUM":null,"FLOOR_INDEX":4,"FLOOR_NAME":"F4","ORIG_FID":null,"LENGTH":null},"geometry":{"x":1758.5251999981701,"y":440.96319999918342}},{"attributes":{"OBJECTID":300,"GEO_ID":"H85200001F0460009","BUILDING_ID":"H85200001","FLOOR_ID":"H85200001F04","POI_ID":"H85200001F0460009","NAME":"524","CATEGORY_ID":25000,"COLOR":25000,"ROOMNUM":null,"FLOOR_INDEX":4,"FLOOR_NAME":"F4","ORIG_FID":null,"LENGTH":null},"geometry":{"x":1772.5322000011802,"y":428.70630000159144}},{"attributes":{"OBJECTID":301,"GEO_ID":"H85200001F0460010","BUILDING_ID":"H85200001","FLOOR_ID":"H85200001F04","POI_ID":"H85200001F0460010","NAME":"520","CATEGORY_ID":25000,"COLOR":25000,"ROOMNUM":null,"FLOOR_INDEX":4,"FLOOR_NAME":"F4","ORIG_FID":null,"LENGTH":null},"geometry":{"x":1724.2071999981999,"y":477.03220000118017}}]}