{"displayFieldName":"","fieldAliases":{"OBJECTID":"OBJECTID","GEO_ID":"GEO_ID","BUILDING_ID":"BUILDING_ID","FLOOR_ID":"FLOOR_ID","POI_ID":"POI_ID","NAME":"NAME","CATEGORY_ID":"CATEGORY_ID","COLOR":"COLOR","FLOOR_INDEX":"FLOOR_INDEX","FLOOR_NAME":"FLOOR_NAME"},"geometryType":"esriGeometryPoint","spatialReference":{"wkid":3395,"latestWkid":3395},"fields":[{"name":"OBJECTID","type":"esriFieldTypeOID","alias":"OBJECTID"},{"name":"GEO_ID","type":"esriFieldTypeString","alias":"GEO_ID","length":50},{"name":"BUILDING_ID","type":"esriFieldTypeString","alias":"BUILDING_ID","length":50},{"name":"FLOOR_ID","type":"esriFieldTypeString","alias":"FLOOR_ID","length":50},{"name":"POI_ID","type":"esriFieldTypeString","alias":"POI_ID","length":50},{"name":"NAME","type":"esriFieldTypeString","alias":"NAME","length":50},{"name":"CATEGORY_ID","type":"esriFieldTypeSmallInteger","alias":"CATEGORY_ID"},{"name":"COLOR","type":"esriFieldTypeSmallInteger","alias":"COLOR"},{"name":"FLOOR_INDEX","type":"esriFieldTypeSmallInteger","alias":"FLOOR_INDEX"},{"name":"FLOOR_NAME","type":"esriFieldTypeString","alias":"FLOOR_NAME","length":50}],"features":[{"attributes":{"OBJECTID":203,"GEO_ID":"H85200001F0130001","BUILDING_ID":"H85200001","FLOOR_ID":"H85200001F01","POI_ID":"H85200001F0130001","NAME":null,"CATEGORY_ID":25135,"COLOR":25135,"FLOOR_INDEX":1,"FLOOR_NAME":"F1"},"geometry":{"x":1029.9571999981999,"y":553.53849999979138}},{"attributes":{"OBJECTID":204,"GEO_ID":"H85200001F0130002","BUILDING_ID":"H85200001","FLOOR_ID":"H85200001F01","POI_ID":"H85200001F0130002","NAME":null,"CATEGORY_ID":25135,"COLOR":25135,"FLOOR_INDEX":1,"FLOOR_NAME":"F1"},"geometry":{"x":1061.327199999243,"y":554.8205000013113}},{"attributes":{"OBJECTID":205,"GEO_ID":"H85200001F0130003","BUILDING_ID":"H85200001","FLOOR_ID":"H85200001F01","POI_ID":"H85200001F0130003","NAME":null,"CATEGORY_ID":25135,"COLOR":25135,"FLOOR_INDEX":1,"FLOOR_NAME":"F1"},"geometry":{"x":1056.8152000010014,"y":527.78649999946356}},{"attributes":{"OBJECTID":206,"GEO_ID":"H85200001F0130004","BUILDING_ID":"H85200001","FLOOR_ID":"H85200001F01","POI_ID":"H85200001F0130004","NAME":null,"CATEGORY_ID":25136,"COLOR":25136,"FLOOR_INDEX":1,"FLOOR_NAME":"F1"},"geometry":{"x":1081.3911999985576,"y":553.24549999833107}},{"attributes":{"OBJECTID":207,"GEO_ID":"H85200001F0130005","BUILDING_ID":"H85200001","FLOOR_ID":"H85200001F01","POI_ID":"H85200001F0130005","NAME":null,"CATEGORY_ID":25136,"COLOR":25136,"FLOOR_INDEX":1,"FLOOR_NAME":"F1"},"geometry":{"x":1081.3092000000179,"y":549.12449999898672}},{"attributes":{"OBJECTID":208,"GEO_ID":"H85200001F0130006","BUILDING_ID":"H85200001","FLOOR_ID":"H85200001F01","POI_ID":"H85200001F0130006","NAME":null,"CATEGORY_ID":25136,"COLOR":25136,"FLOOR_INDEX":1,"FLOOR_NAME":"F1"},"geometry":{"x":1081.08920000121,"y":532.4484999999404}},{"attributes":{"OBJECTID":209,"GEO_ID":"H85200001F0130007","BUILDING_ID":"H85200001","FLOOR_ID":"H85200001F01","POI_ID":"H85200001F0130007","NAME":null,"CATEGORY_ID":25136,"COLOR":25136,"FLOOR_INDEX":1,"FLOOR_NAME":"F1"},"geometry":{"x":1081.08920000121,"y":528.21649999916553}},{"attributes":{"OBJECTID":210,"GEO_ID":"H85200001F0130008","BUILDING_ID":"H85200001","FLOOR_ID":"H85200001F01","POI_ID":"H85200001F0130008","NAME":null,"CATEGORY_ID":25136,"COLOR":25136,"FLOOR_INDEX":1,"FLOOR_NAME":"F1"},"geometry":{"x":1723.8132000006735,"y":533.78249999880791}},{"attributes":{"OBJECTID":211,"GEO_ID":"H85200001F0130009","BUILDING_ID":"H85200001","FLOOR_ID":"H85200001F01","POI_ID":"H85200001F0130009","NAME":null,"CATEGORY_ID":25136,"COLOR":25136,"FLOOR_INDEX":1,"FLOOR_NAME":"F1"},"geometry":{"x":1720.1011999994516,"y":533.78249999880791}},{"attributes":{"OBJECTID":212,"GEO_ID":"H85200001F0130010","BUILDING_ID":"H85200001","FLOOR_ID":"H85200001F01","POI_ID":"H85200001F0130010","NAME":null,"CATEGORY_ID":25136,"COLOR":25136,"FLOOR_INDEX":1,"FLOOR_NAME":"F1"},"geometry":{"x":1720.1011999994516,"y":547.7554999999702}},{"attributes":{"OBJECTID":213,"GEO_ID":"H85200001F0130011","BUILDING_ID":"H85200001","FLOOR_ID":"H85200001F01","POI_ID":"H85200001F0130011","NAME":null,"CATEGORY_ID":25136,"COLOR":25136,"FLOOR_INDEX":1,"FLOOR_NAME":"F1"},"geometry":{"x":1723.7791999988258,"y":547.7554999999702}},{"attributes":{"OBJECTID":214,"GEO_ID":"H85200001F0130012","BUILDING_ID":"H85200001","FLOOR_ID":"H85200001F01","POI_ID":"H85200001F0130012","NAME":null,"CATEGORY_ID":25135,"COLOR":25135,"FLOOR_INDEX":1,"FLOOR_NAME":"F1"},"geometry":{"x":1754.2611999996006,"y":553.57250000163913}},{"attributes":{"OBJECTID":215,"GEO_ID":"H85200001F0130013","BUILDING_ID":"H85200001","FLOOR_ID":"H85200001F01","POI_ID":"H85200001F0130013","NAME":null,"CATEGORY_ID":25135,"COLOR":25135,"FLOOR_INDEX":1,"FLOOR_NAME":"F1"},"geometry":{"x":1760.6072000004351,"y":556.76850000023842}},{"attributes":{"OBJECTID":216,"GEO_ID":"H85200001F0130014","BUILDING_ID":"H85200001","FLOOR_ID":"H85200001F01","POI_ID":"H85200001F0130014","NAME":null,"CATEGORY_ID":25135,"COLOR":25135,"FLOOR_INDEX":1,"FLOOR_NAME":"F1"},"geometry":{"x":1776.9431999996305,"y":525.36650000140071}},{"attributes":{"OBJECTID":217,"GEO_ID":"H85200001F0130015","BUILDING_ID":"H85200001","FLOOR_ID":"H85200001F01","POI_ID":"H85200001F0130015","NAME":null,"CATEGORY_ID":25135,"COLOR":25135,"FLOOR_INDEX":1,"FLOOR_NAME":"F1"},"geometry":{"x":1751.647199999541,"y":527.29850000143051}},{"attributes":{"OBJECTID":218,"GEO_ID":"H85200001F0130016","BUILDING_ID":"H85200001","FLOOR_ID":"H85200001F01","POI_ID":"H85200001F0130016","NAME":null,"CATEGORY_ID":25135,"COLOR":25135,"FLOOR_INDEX":1,"FLOOR_NAME":"F1"},"geometry":{"x":1735.7412000000477,"y":524.78750000149012}}]}