{"displayFieldName":"","fieldAliases":{"OBJECTID":"OBJECTID","GEO_ID":"GEO_ID","BUILDING_ID":"BUILDING_ID","FLOOR_ID":"FLOOR_ID","POI_ID":"POI_ID","NAME":"NAME","CATEGORY_ID":"CATEGORY_ID","COLOR":"COLOR","FLOOR_INDEX":"FLOOR_INDEX","FLOOR_NAME":"FLOOR_NAME"},"geometryType":"esriGeometryPoint","spatialReference":{"wkid":3395,"latestWkid":3395},"fields":[{"name":"OBJECTID","type":"esriFieldTypeOID","alias":"OBJECTID"},{"name":"GEO_ID","type":"esriFieldTypeString","alias":"GEO_ID","length":50},{"name":"BUILDING_ID","type":"esriFieldTypeString","alias":"BUILDING_ID","length":50},{"name":"FLOOR_ID","type":"esriFieldTypeString","alias":"FLOOR_ID","length":50},{"name":"POI_ID","type":"esriFieldTypeString","alias":"POI_ID","length":50},{"name":"NAME","type":"esriFieldTypeString","alias":"NAME","length":50},{"name":"CATEGORY_ID","type":"esriFieldTypeSmallInteger","alias":"CATEGORY_ID"},{"name":"COLOR","type":"esriFieldTypeSmallInteger","alias":"COLOR"},{"name":"FLOOR_INDEX","type":"esriFieldTypeSmallInteger","alias":"FLOOR_INDEX"},{"name":"FLOOR_NAME","type":"esriFieldTypeString","alias":"FLOOR_NAME","length":50}],"features":[{"attributes":{"OBJECTID":121,"GEO_ID":"H85200001F0430001","BUILDING_ID":"H85200001","FLOOR_ID":"H85200001F04","POI_ID":"H85200001F0430001","NAME":"楼梯","CATEGORY_ID":25134,"COLOR":25134,"FLOOR_INDEX":4,"FLOOR_NAME":"F4"},"geometry":{"x":1848.8881999999285,"y":323.91330000013113}},{"attributes":{"OBJECTID":122,"GEO_ID":"H85200001F0430002","BUILDING_ID":"H85200001","FLOOR_ID":"H85200001F04","POI_ID":"H85200001F0430002","NAME":"楼梯","CATEGORY_ID":25134,"COLOR":25134,"FLOOR_INDEX":4,"FLOOR_NAME":"F4"},"geometry":{"x":1848.8881999999285,"y":360.05220000073314}},{"attributes":{"OBJECTID":123,"GEO_ID":"H85200001F0430003","BUILDING_ID":"H85200001","FLOOR_ID":"H85200001F04","POI_ID":"H85200001F0430003","NAME":"楼梯","CATEGORY_ID":25134,"COLOR":25134,"FLOOR_INDEX":4,"FLOOR_NAME":"F4"},"geometry":{"x":1848.7481999993324,"y":395.77120000123978}},{"attributes":{"OBJECTID":124,"GEO_ID":"H85200001F0430004","BUILDING_ID":"H85200001","FLOOR_ID":"H85200001F04","POI_ID":"H85200001F0430004","NAME":"楼梯","CATEGORY_ID":25134,"COLOR":25134,"FLOOR_INDEX":4,"FLOOR_NAME":"F4"},"geometry":{"x":1848.8881999999285,"y":431.91030000150204}},{"attributes":{"OBJECTID":125,"GEO_ID":"H85200001F0430005","BUILDING_ID":"H85200001","FLOOR_ID":"H85200001F04","POI_ID":"H85200001F0430005","NAME":"楼梯","CATEGORY_ID":25134,"COLOR":25134,"FLOOR_INDEX":4,"FLOOR_NAME":"F4"},"geometry":{"x":1848.8881999999285,"y":467.76929999887943}},{"attributes":{"OBJECTID":126,"GEO_ID":"H85200001F0430006","BUILDING_ID":"H85200001","FLOOR_ID":"H85200001F04","POI_ID":"H85200001F0430006","NAME":"楼梯","CATEGORY_ID":25134,"COLOR":25134,"FLOOR_INDEX":4,"FLOOR_NAME":"F4"},"geometry":{"x":1848.8881999999285,"y":503.76830000057817}},{"attributes":{"OBJECTID":127,"GEO_ID":"H85200001F0430007","BUILDING_ID":"H85200001","FLOOR_ID":"H85200001F04","POI_ID":"H85200001F0430007","NAME":"电梯","CATEGORY_ID":25136,"COLOR":25136,"FLOOR_INDEX":4,"FLOOR_NAME":"F4"},"geometry":{"x":1845.3861999996006,"y":520.2972999997437}},{"attributes":{"OBJECTID":128,"GEO_ID":"H85200001F0430008","BUILDING_ID":"H85200001","FLOOR_ID":"H85200001F04","POI_ID":"H85200001F0430008","NAME":"电梯","CATEGORY_ID":25136,"COLOR":25136,"FLOOR_INDEX":4,"FLOOR_NAME":"F4"},"geometry":{"x":1841.604200001806,"y":520.2972999997437}},{"attributes":{"OBJECTID":129,"GEO_ID":"H85200001F0430009","BUILDING_ID":"H85200001","FLOOR_ID":"H85200001F04","POI_ID":"H85200001F0430009","NAME":"楼梯","CATEGORY_ID":25134,"COLOR":25134,"FLOOR_INDEX":4,"FLOOR_NAME":"F4"},"geometry":{"x":1848.6431999988854,"y":539.37620000168681}},{"attributes":{"OBJECTID":130,"GEO_ID":"H85200001F0430010","BUILDING_ID":"H85200001","FLOOR_ID":"H85200001F04","POI_ID":"H85200001F0430010","NAME":"电梯","CATEGORY_ID":25136,"COLOR":25136,"FLOOR_INDEX":4,"FLOOR_NAME":"F4"},"geometry":{"x":1845.3931999988854,"y":559.91120000183582}},{"attributes":{"OBJECTID":131,"GEO_ID":"H85200001F0430011","BUILDING_ID":"H85200001","FLOOR_ID":"H85200001F04","POI_ID":"H85200001F0430011","NAME":"电梯","CATEGORY_ID":25136,"COLOR":25136,"FLOOR_INDEX":4,"FLOOR_NAME":"F4"},"geometry":{"x":1841.6112000010908,"y":559.91120000183582}},{"attributes":{"OBJECTID":132,"GEO_ID":"H85200001F0430012","BUILDING_ID":"H85200001","FLOOR_ID":"H85200001F04","POI_ID":"H85200001F0430012","NAME":"楼梯","CATEGORY_ID":25134,"COLOR":25134,"FLOOR_INDEX":4,"FLOOR_NAME":"F4"},"geometry":{"x":1848.7551999986172,"y":575.8792000003159}},{"attributes":{"OBJECTID":133,"GEO_ID":"H85200001F0430013","BUILDING_ID":"H85200001","FLOOR_ID":"H85200001F04","POI_ID":"H85200001F0430013","NAME":"楼梯","CATEGORY_ID":25134,"COLOR":25134,"FLOOR_INDEX":4,"FLOOR_NAME":"F4"},"geometry":{"x":1848.7551999986172,"y":612.18629999831319}},{"attributes":{"OBJECTID":134,"GEO_ID":"H85200001F0430014","BUILDING_ID":"H85200001","FLOOR_ID":"H85200001F04","POI_ID":"H85200001F0430014","NAME":"楼梯","CATEGORY_ID":25134,"COLOR":25134,"FLOOR_INDEX":4,"FLOOR_NAME":"F4"},"geometry":{"x":1848.7551999986172,"y":648.24130000174046}},{"attributes":{"OBJECTID":135,"GEO_ID":"H85200001F0430015","BUILDING_ID":"H85200001","FLOOR_ID":"H85200001F04","POI_ID":"H85200001F0430015","NAME":"楼梯","CATEGORY_ID":25134,"COLOR":25134,"FLOOR_INDEX":4,"FLOOR_NAME":"F4"},"geometry":{"x":1849.1752000004053,"y":684.96930000185966}},{"attributes":{"OBJECTID":136,"GEO_ID":"H85200001F0430016","BUILDING_ID":"H85200001","FLOOR_ID":"H85200001F04","POI_ID":"H85200001F0430016","NAME":"楼梯","CATEGORY_ID":25134,"COLOR":25134,"FLOOR_INDEX":4,"FLOOR_NAME":"F4"},"geometry":{"x":1848.7551999986172,"y":721.02430000156164}},{"attributes":{"OBJECTID":137,"GEO_ID":"H85200001F0430017","BUILDING_ID":"H85200001","FLOOR_ID":"H85200001F04","POI_ID":"H85200001F0430017","NAME":"楼梯","CATEGORY_ID":25134,"COLOR":25134,"FLOOR_INDEX":4,"FLOOR_NAME":"F4"},"geometry":{"x":1848.7551999986172,"y":756.99520000070333}},{"attributes":{"OBJECTID":138,"GEO_ID":"H85200001F0430018","BUILDING_ID":"H85200001","FLOOR_ID":"H85200001F04","POI_ID":"H85200001F0430018","NAME":"电梯","CATEGORY_ID":25136,"COLOR":25136,"FLOOR_INDEX":4,"FLOOR_NAME":"F4"},"geometry":{"x":1724.3082000017166,"y":532.44220000132918}},{"attributes":{"OBJECTID":139,"GEO_ID":"H85200001F0430019","BUILDING_ID":"H85200001","FLOOR_ID":"H85200001F04","POI_ID":"H85200001F0430019","NAME":"电梯","CATEGORY_ID":25136,"COLOR":25136,"FLOOR_INDEX":4,"FLOOR_NAME":"F4"},"geometry":{"x":1720.0362000018358,"y":532.51220000162721}},{"attributes":{"OBJECTID":140,"GEO_ID":"H85200001F0430020","BUILDING_ID":"H85200001","FLOOR_ID":"H85200001F04","POI_ID":"H85200001F0430020","NAME":"扶梯","CATEGORY_ID":25135,"COLOR":25135,"FLOOR_INDEX":4,"FLOOR_NAME":"F4"},"geometry":{"x":1742.6002000011504,"y":525.89330000057817}},{"attributes":{"OBJECTID":141,"GEO_ID":"H85200001F0430021","BUILDING_ID":"H85200001","FLOOR_ID":"H85200001F04","POI_ID":"H85200001F0430021","NAME":"扶梯","CATEGORY_ID":25135,"COLOR":25135,"FLOOR_INDEX":4,"FLOOR_NAME":"F4"},"geometry":{"x":1738.3982000015676,"y":531.159200001508}},{"attributes":{"OBJECTID":142,"GEO_ID":"H85200001F0430022","BUILDING_ID":"H85200001","FLOOR_ID":"H85200001F04","POI_ID":"H85200001F0430022","NAME":"电梯","CATEGORY_ID":25136,"COLOR":25136,"FLOOR_INDEX":4,"FLOOR_NAME":"F4"},"geometry":{"x":1720.0661999993026,"y":547.9602999985218}},{"attributes":{"OBJECTID":143,"GEO_ID":"H85200001F0430023","BUILDING_ID":"H85200001","FLOOR_ID":"H85200001F04","POI_ID":"H85200001F0430023","NAME":"电梯","CATEGORY_ID":25136,"COLOR":25136,"FLOOR_INDEX":4,"FLOOR_NAME":"F4"},"geometry":{"x":1724.3011999987066,"y":547.9602999985218}},{"attributes":{"OBJECTID":144,"GEO_ID":"H85200001F0430024","BUILDING_ID":"H85200001","FLOOR_ID":"H85200001F04","POI_ID":"H85200001F0430024","NAME":"扶梯","CATEGORY_ID":25135,"COLOR":25135,"FLOOR_INDEX":4,"FLOOR_NAME":"F4"},"geometry":{"x":1738.3702000007033,"y":549.30930000171065}},{"attributes":{"OBJECTID":145,"GEO_ID":"H85200001F0430025","BUILDING_ID":"H85200001","FLOOR_ID":"H85200001F04","POI_ID":"H85200001F0430025","NAME":"卫生间","CATEGORY_ID":25118,"COLOR":25118,"FLOOR_INDEX":4,"FLOOR_NAME":"F4"},"geometry":{"x":1787.6572000011802,"y":571.4582000002265}},{"attributes":{"OBJECTID":146,"GEO_ID":"H85200001F0430026","BUILDING_ID":"H85200001","FLOOR_ID":"H85200001F04","POI_ID":"H85200001F0430026","NAME":"楼梯","CATEGORY_ID":25134,"COLOR":25134,"FLOOR_INDEX":4,"FLOOR_NAME":"F4"},"geometry":{"x":1750.0931999981403,"y":495.68530000001192}},{"attributes":{"OBJECTID":147,"GEO_ID":"H85200001F0430027","BUILDING_ID":"H85200001","FLOOR_ID":"H85200001F04","POI_ID":"H85200001F0430027","NAME":"楼梯","CATEGORY_ID":25134,"COLOR":25134,"FLOOR_INDEX":4,"FLOOR_NAME":"F4"},"geometry":{"x":1773.5861999988556,"y":471.42029999941587}},{"attributes":{"OBJECTID":148,"GEO_ID":"H85200001F0430028","BUILDING_ID":"H85200001","FLOOR_ID":"H85200001F04","POI_ID":"H85200001F0430028","NAME":"电梯","CATEGORY_ID":25136,"COLOR":25136,"FLOOR_INDEX":4,"FLOOR_NAME":"F4"},"geometry":{"x":1800.5362000018358,"y":447.63729999959469}},{"attributes":{"OBJECTID":149,"GEO_ID":"H85200001F0430029","BUILDING_ID":"H85200001","FLOOR_ID":"H85200001F04","POI_ID":"H85200001F0430029","NAME":"电梯","CATEGORY_ID":25136,"COLOR":25136,"FLOOR_INDEX":4,"FLOOR_NAME":"F4"},"geometry":{"x":1796.6702000014484,"y":447.5912000015378}},{"attributes":{"OBJECTID":150,"GEO_ID":"H85200001F0430030","BUILDING_ID":"H85200001","FLOOR_ID":"H85200001F04","POI_ID":"H85200001F0430030","NAME":"扶梯","CATEGORY_ID":25135,"COLOR":25135,"FLOOR_INDEX":4,"FLOOR_NAME":"F4"},"geometry":{"x":1818.2932000011206,"y":439.132199998945}},{"attributes":{"OBJECTID":151,"GEO_ID":"H85200001F0430031","BUILDING_ID":"H85200001","FLOOR_ID":"H85200001F04","POI_ID":"H85200001F0430031","NAME":"卫生间","CATEGORY_ID":25118,"COLOR":25118,"FLOOR_INDEX":4,"FLOOR_NAME":"F4"},"geometry":{"x":1822.242199998349,"y":398.4012000001967}},{"attributes":{"OBJECTID":152,"GEO_ID":"H85200001F0430032","BUILDING_ID":"H85200001","FLOOR_ID":"H85200001F04","POI_ID":"H85200001F0430032","NAME":"楼梯","CATEGORY_ID":25134,"COLOR":25134,"FLOOR_INDEX":4,"FLOOR_NAME":"F4"},"geometry":{"x":1750.1951999999583,"y":584.74419999867678}},{"attributes":{"OBJECTID":153,"GEO_ID":"H85200001F0430033","BUILDING_ID":"H85200001","FLOOR_ID":"H85200001F04","POI_ID":"H85200001F0430033","NAME":"楼梯","CATEGORY_ID":25134,"COLOR":25134,"FLOOR_INDEX":4,"FLOOR_NAME":"F4"},"geometry":{"x":1773.8561999984086,"y":608.95329999923706}},{"attributes":{"OBJECTID":154,"GEO_ID":"H85200001F0430034","BUILDING_ID":"H85200001","FLOOR_ID":"H85200001F04","POI_ID":"H85200001F0430034","NAME":"电梯","CATEGORY_ID":25136,"COLOR":25136,"FLOOR_INDEX":4,"FLOOR_NAME":"F4"},"geometry":{"x":1800.6851999983191,"y":632.70030000060797}},{"attributes":{"OBJECTID":155,"GEO_ID":"H85200001F0430035","BUILDING_ID":"H85200001","FLOOR_ID":"H85200001F04","POI_ID":"H85200001F0430035","NAME":"电梯","CATEGORY_ID":25136,"COLOR":25136,"FLOOR_INDEX":4,"FLOOR_NAME":"F4"},"geometry":{"x":1796.7762000001967,"y":632.57420000061393}},{"attributes":{"OBJECTID":156,"GEO_ID":"H85200001F0430036","BUILDING_ID":"H85200001","FLOOR_ID":"H85200001F04","POI_ID":"H85200001F0430036","NAME":"扶梯","CATEGORY_ID":25135,"COLOR":25135,"FLOOR_INDEX":4,"FLOOR_NAME":"F4"},"geometry":{"x":1818.3302000015974,"y":641.87819999828935}},{"attributes":{"OBJECTID":157,"GEO_ID":"H85200001F0430037","BUILDING_ID":"H85200001","FLOOR_ID":"H85200001F04","POI_ID":"H85200001F0430037","NAME":"楼梯","CATEGORY_ID":25134,"COLOR":25134,"FLOOR_INDEX":4,"FLOOR_NAME":"F4"},"geometry":{"x":1818.5161999985576,"y":695.42529999837279}},{"attributes":{"OBJECTID":158,"GEO_ID":"H85200001F0430038","BUILDING_ID":"H85200001","FLOOR_ID":"H85200001F04","POI_ID":"H85200001F0430038","NAME":"卫生间","CATEGORY_ID":25118,"COLOR":25118,"FLOOR_INDEX":4,"FLOOR_NAME":"F4"},"geometry":{"x":1823.8951999992132,"y":682.36919999867678}},{"attributes":{"OBJECTID":159,"GEO_ID":"H85200001F0430039","BUILDING_ID":"H85200001","FLOOR_ID":"H85200001F04","POI_ID":"H85200001F0430039","NAME":"卫生间","CATEGORY_ID":25118,"COLOR":25118,"FLOOR_INDEX":4,"FLOOR_NAME":"F4"},"geometry":{"x":1787.5672000013292,"y":509.2322999984026}},{"attributes":{"OBJECTID":160,"GEO_ID":"H85200001F0430040","BUILDING_ID":"H85200001","FLOOR_ID":"H85200001F04","POI_ID":"H85200001F0430040","NAME":"楼梯","CATEGORY_ID":25134,"COLOR":25134,"FLOOR_INDEX":4,"FLOOR_NAME":"F4"},"geometry":{"x":1819.2001999989152,"y":669.85029999911785}},{"attributes":{"OBJECTID":161,"GEO_ID":"H85200001F0430041","BUILDING_ID":"H85200001","FLOOR_ID":"H85200001F04","POI_ID":"H85200001F0430041","NAME":"楼梯","CATEGORY_ID":25134,"COLOR":25134,"FLOOR_INDEX":4,"FLOOR_NAME":"F4"},"geometry":{"x":1716.0951999984682,"y":589.25429999828339}},{"attributes":{"OBJECTID":162,"GEO_ID":"H85200001F0430042","BUILDING_ID":"H85200001","FLOOR_ID":"H85200001F04","POI_ID":"H85200001F0430042","NAME":"楼梯","CATEGORY_ID":25134,"COLOR":25134,"FLOOR_INDEX":4,"FLOOR_NAME":"F4"},"geometry":{"x":1799.7302000001073,"y":663.37629999965429}},{"attributes":{"OBJECTID":163,"GEO_ID":"H85200001F0430043","BUILDING_ID":"H85200001","FLOOR_ID":"H85200001F04","POI_ID":"H85200001F0430043","NAME":"楼梯","CATEGORY_ID":25134,"COLOR":25134,"FLOOR_INDEX":4,"FLOOR_NAME":"F4"},"geometry":{"x":1716.3911999985576,"y":491.32330000028014}},{"attributes":{"OBJECTID":164,"GEO_ID":"H85200001F0430044","BUILDING_ID":"H85200001","FLOOR_ID":"H85200001F04","POI_ID":"H85200001F0430044","NAME":"楼梯","CATEGORY_ID":25134,"COLOR":25134,"FLOOR_INDEX":4,"FLOOR_NAME":"F4"},"geometry":{"x":1795.2542000003159,"y":415.30719999969006}}]}