{"displayFieldName":"","fieldAliases":{"OBJECTID":"OBJECTID","GEO_ID":"GEO_ID","BUILDING_ID":"BUILDING_ID","FLOOR_ID":"FLOOR_ID","POI_ID":"POI_ID","NAME":"NAME","CATEGORY_ID":"CATEGORY_ID","COLOR":"COLOR","ROOMNUM":"ROOMNUM","FLOOR_INDEX":"FLOOR_INDEX","FLOOR_NAME":"FLOOR_NAME","ORIG_FID":"ORIG_FID","LENGTH":"LENGTH"},"geometryType":"esriGeometryPoint","spatialReference":{"wkid":3395,"latestWkid":3395},"fields":[{"name":"OBJECTID","type":"esriFieldTypeOID","alias":"OBJECTID"},{"name":"GEO_ID","type":"esriFieldTypeString","alias":"GEO_ID","length":50},{"name":"BUILDING_ID","type":"esriFieldTypeString","alias":"BUILDING_ID","length":50},{"name":"FLOOR_ID","type":"esriFieldTypeString","alias":"FLOOR_ID","length":50},{"name":"POI_ID","type":"esriFieldTypeString","alias":"POI_ID","length":50},{"name":"NAME","type":"esriFieldTypeString","alias":"NAME","length":50},{"name":"CATEGORY_ID","type":"esriFieldTypeSmallInteger","alias":"CATEGORY_ID"},{"name":"COLOR","type":"esriFieldTypeSmallInteger","alias":"COLOR"},{"name":"ROOMNUM","type":"esriFieldTypeString","alias":"ROOMNUM","length":50},{"name":"FLOOR_INDEX","type":"esriFieldTypeSmallInteger","alias":"FLOOR_INDEX"},{"name":"FLOOR_NAME","type":"esriFieldTypeString","alias":"FLOOR_NAME","length":50},{"name":"ORIG_FID","type":"esriFieldTypeInteger","alias":"ORIG_FID"},{"name":"LENGTH","type":"esriFieldTypeDouble","alias":"LENGTH"}],"features":[{"attributes":{"OBJECTID":1,"GEO_ID":"H85200001F0810001","BUILDING_ID":"H85200001","FLOOR_ID":"H85200001F08","POI_ID":"H85200001F0810001","NAME":"太平山餐厅","CATEGORY_ID":25000,"COLOR":3,"ROOMNUM":null,"FLOOR_INDEX":8,"FLOOR_NAME":"F8","ORIG_FID":1099,"LENGTH":677.73650444736199},"geometry":{"x":1854.903299998492,"y":504.7723999992013}},{"attributes":{"OBJECTID":5,"GEO_ID":"H85200001F0810004","BUILDING_ID":"H85200001","FLOOR_ID":"H85200001F08","POI_ID":"H85200001F0810004","NAME":"美心翠园","CATEGORY_ID":25000,"COLOR":3,"ROOMNUM":null,"FLOOR_INDEX":8,"FLOOR_NAME":"F8","ORIG_FID":1103,"LENGTH":1156.4313665914724},"geometry":{"x":1852.3020000010729,"y":583.70470000058413}},{"attributes":{"OBJECTID":6,"GEO_ID":"H85200001F0810005","BUILDING_ID":"H85200001","FLOOR_ID":"H85200001F08","POI_ID":"H85200001F0810005","NAME":"Le Grand Pokka Café","CATEGORY_ID":25000,"COLOR":3,"ROOMNUM":null,"FLOOR_INDEX":8,"FLOOR_NAME":"F8","ORIG_FID":1105,"LENGTH":558.58576960850087},"geometry":{"x":1833.1843999996781,"y":596.78559999912977}},{"attributes":{"OBJECTID":13,"GEO_ID":"H85200001F0810006","BUILDING_ID":"H85200001","FLOOR_ID":"H85200001F08","POI_ID":"H85200001F0810006","NAME":"翠华餐厅","CATEGORY_ID":25000,"COLOR":3,"ROOMNUM":null,"FLOOR_INDEX":8,"FLOOR_NAME":"F8","ORIG_FID":1114,"LENGTH":1089.4149900769678},"geometry":{"x":1840.168299999088,"y":485.42009999975562}},{"attributes":{"OBJECTID":18,"GEO_ID":"H85200001F0810018","BUILDING_ID":"H85200001","FLOOR_ID":"H85200001F08","POI_ID":"H85200001F0810018","NAME":"港铁机场站L8","CATEGORY_ID":20002,"COLOR":2,"ROOMNUM":null,"FLOOR_INDEX":8,"FLOOR_NAME":"F8","ORIG_FID":1120,"LENGTH":22803.473918050928},"geometry":{"x":2044.5663000009954,"y":536.64000000059605}},{"attributes":{"OBJECTID":19,"GEO_ID":"H85200001F0810020","BUILDING_ID":"H85200001","FLOOR_ID":"H85200001F08","POI_ID":"H85200001F0810020","NAME":"通往F7出发层","CATEGORY_ID":25003,"COLOR":1,"ROOMNUM":null,"FLOOR_INDEX":8,"FLOOR_NAME":"F8","ORIG_FID":1139,"LENGTH":286.69540512712047},"geometry":{"x":1966.7809000015259,"y":671.04870000109076}},{"attributes":{"OBJECTID":20,"GEO_ID":"H85200001F0810021","BUILDING_ID":"H85200001","FLOOR_ID":"H85200001F08","POI_ID":"H85200001F0810021","NAME":"通往F7出发层","CATEGORY_ID":25003,"COLOR":1,"ROOMNUM":null,"FLOOR_INDEX":8,"FLOOR_NAME":"F8","ORIG_FID":1140,"LENGTH":286.6954049437058},"geometry":{"x":1966.7809000015259,"y":662.04879999905825}},{"attributes":{"OBJECTID":21,"GEO_ID":"H85200001F0810022","BUILDING_ID":"H85200001","FLOOR_ID":"H85200001F08","POI_ID":"H85200001F0810022","NAME":"通往F7出发层","CATEGORY_ID":25003,"COLOR":1,"ROOMNUM":null,"FLOOR_INDEX":8,"FLOOR_NAME":"F8","ORIG_FID":1141,"LENGTH":286.6954049437058},"geometry":{"x":1967.1116000004113,"y":599.31289999932051}},{"attributes":{"OBJECTID":22,"GEO_ID":"H85200001F0810023","BUILDING_ID":"H85200001","FLOOR_ID":"H85200001F08","POI_ID":"H85200001F0810023","NAME":"通往F7出发层","CATEGORY_ID":25003,"COLOR":1,"ROOMNUM":null,"FLOOR_INDEX":8,"FLOOR_NAME":"F8","ORIG_FID":1142,"LENGTH":286.6954049437058},"geometry":{"x":1967.2041999995708,"y":590.31300000101328}},{"attributes":{"OBJECTID":23,"GEO_ID":"H85200001F0810024","BUILDING_ID":"H85200001","FLOOR_ID":"H85200001F08","POI_ID":"H85200001F0810024","NAME":"通往F7出发层","CATEGORY_ID":25003,"COLOR":1,"ROOMNUM":null,"FLOOR_INDEX":8,"FLOOR_NAME":"F8","ORIG_FID":1143,"LENGTH":286.6954049437058},"geometry":{"x":1967.7730999998748,"y":490.98220000043511}},{"attributes":{"OBJECTID":24,"GEO_ID":"H85200001F0810025","BUILDING_ID":"H85200001","FLOOR_ID":"H85200001F08","POI_ID":"H85200001F0810025","NAME":"通往F7出发层","CATEGORY_ID":25003,"COLOR":1,"ROOMNUM":null,"FLOOR_INDEX":8,"FLOOR_NAME":"F8","ORIG_FID":1144,"LENGTH":286.6954049437058},"geometry":{"x":1967.7730999998748,"y":482.31300000101328}},{"attributes":{"OBJECTID":25,"GEO_ID":"H85200001F0810026","BUILDING_ID":"H85200001","FLOOR_ID":"H85200001F08","POI_ID":"H85200001F0810026","NAME":"通往F7出发层","CATEGORY_ID":25003,"COLOR":1,"ROOMNUM":null,"FLOOR_INDEX":8,"FLOOR_NAME":"F8","ORIG_FID":1145,"LENGTH":286.6954049437058},"geometry":{"x":1967.83920000121,"y":419.04830000177026}},{"attributes":{"OBJECTID":26,"GEO_ID":"H85200001F0810019","BUILDING_ID":"H85200001","FLOOR_ID":"H85200001F08","POI_ID":"H85200001F0810019","NAME":"通往F7出发层","CATEGORY_ID":25003,"COLOR":1,"ROOMNUM":null,"FLOOR_INDEX":8,"FLOOR_NAME":"F8","ORIG_FID":1146,"LENGTH":286.6954049437058},"geometry":{"x":1967.8392999991775,"y":410.57759999856353}}]}