{"displayFieldName":"","fieldAliases":{"OBJECTID":"OBJECTID","GEO_ID":"GEO_ID","BUILDING_ID":"BUILDING_ID","FLOOR_ID":"FLOOR_ID","POI_ID":"POI_ID","NAME":"NAME","CATEGORY_ID":"CATEGORY_ID","COLOR":"COLOR","FLOOR_INDEX":"FLOOR_INDEX","FLOOR_NAME":"FLOOR_NAME"},"geometryType":"esriGeometryPoint","spatialReference":{"wkid":3395,"latestWkid":3395},"fields":[{"name":"OBJECTID","type":"esriFieldTypeOID","alias":"OBJECTID"},{"name":"GEO_ID","type":"esriFieldTypeString","alias":"GEO_ID","length":50},{"name":"BUILDING_ID","type":"esriFieldTypeString","alias":"BUILDING_ID","length":50},{"name":"FLOOR_ID","type":"esriFieldTypeString","alias":"FLOOR_ID","length":50},{"name":"POI_ID","type":"esriFieldTypeString","alias":"POI_ID","length":50},{"name":"NAME","type":"esriFieldTypeString","alias":"NAME","length":50},{"name":"CATEGORY_ID","type":"esriFieldTypeSmallInteger","alias":"CATEGORY_ID"},{"name":"COLOR","type":"esriFieldTypeSmallInteger","alias":"COLOR"},{"name":"FLOOR_INDEX","type":"esriFieldTypeSmallInteger","alias":"FLOOR_INDEX"},{"name":"FLOOR_NAME","type":"esriFieldTypeString","alias":"FLOOR_NAME","length":50}],"features":[{"attributes":{"OBJECTID":194,"GEO_ID":"H85200001F0830004","BUILDING_ID":"H85200001","FLOOR_ID":"H85200001F08","POI_ID":"H85200001F0830004","NAME":"电梯","CATEGORY_ID":25136,"COLOR":25136,"FLOOR_INDEX":8,"FLOOR_NAME":"F8"},"geometry":{"x":1845.5601999983191,"y":559.56320000067353}},{"attributes":{"OBJECTID":195,"GEO_ID":"H85200001F0830005","BUILDING_ID":"H85200001","FLOOR_ID":"H85200001F08","POI_ID":"H85200001F0830005","NAME":"电梯","CATEGORY_ID":25136,"COLOR":25136,"FLOOR_INDEX":8,"FLOOR_NAME":"F8"},"geometry":{"x":1841.3581999987364,"y":559.56320000067353}},{"attributes":{"OBJECTID":196,"GEO_ID":"H85200001F0830001","BUILDING_ID":"H85200001","FLOOR_ID":"H85200001F08","POI_ID":"H85200001F0830001","NAME":"卫生间","CATEGORY_ID":25118,"COLOR":25118,"FLOOR_INDEX":8,"FLOOR_NAME":"F8"},"geometry":{"x":1843.6271999999881,"y":591.47230000048876}},{"attributes":{"OBJECTID":197,"GEO_ID":"H85200001F0830006","BUILDING_ID":"H85200001","FLOOR_ID":"H85200001F08","POI_ID":"H85200001F0830006","NAME":"电梯","CATEGORY_ID":25136,"COLOR":25136,"FLOOR_INDEX":8,"FLOOR_NAME":"F8"},"geometry":{"x":1838.902199998498,"y":536.50019999966025}},{"attributes":{"OBJECTID":198,"GEO_ID":"H85200001F0830007","BUILDING_ID":"H85200001","FLOOR_ID":"H85200001F08","POI_ID":"H85200001F0830007","NAME":"电梯","CATEGORY_ID":25136,"COLOR":25136,"FLOOR_INDEX":8,"FLOOR_NAME":"F8"},"geometry":{"x":1838.9191999994218,"y":543.9902999997139}},{"attributes":{"OBJECTID":199,"GEO_ID":"H85200001F0830003","BUILDING_ID":"H85200001","FLOOR_ID":"H85200001F08","POI_ID":"H85200001F0830003","NAME":"扶梯","CATEGORY_ID":25135,"COLOR":25135,"FLOOR_INDEX":8,"FLOOR_NAME":"F8"},"geometry":{"x":1842.0962000004947,"y":540.03020000085235}},{"attributes":{"OBJECTID":200,"GEO_ID":"H85200001F0830002","BUILDING_ID":"H85200001","FLOOR_ID":"H85200001F08","POI_ID":"H85200001F0830002","NAME":"卫生间","CATEGORY_ID":25118,"COLOR":25118,"FLOOR_INDEX":8,"FLOOR_NAME":"F8"},"geometry":{"x":1843.9981999993324,"y":488.30020000040531}},{"attributes":{"OBJECTID":201,"GEO_ID":"H85200001F0830008","BUILDING_ID":"H85200001","FLOOR_ID":"H85200001F08","POI_ID":"H85200001F0830008","NAME":"电梯","CATEGORY_ID":25136,"COLOR":25136,"FLOOR_INDEX":8,"FLOOR_NAME":"F8"},"geometry":{"x":1841.8302000015974,"y":520.69530000165105}},{"attributes":{"OBJECTID":202,"GEO_ID":"H85200001F0830009","BUILDING_ID":"H85200001","FLOOR_ID":"H85200001F08","POI_ID":"H85200001F0830009","NAME":"电梯","CATEGORY_ID":25136,"COLOR":25136,"FLOOR_INDEX":8,"FLOOR_NAME":"F8"},"geometry":{"x":1845.5362000018358,"y":520.69530000165105}}]}