{"displayFieldName":"","fieldAliases":{"OBJECTID":"OBJECTID","GEO_ID":"GEO_ID","BUILDING_ID":"BUILDING_ID","FLOOR_ID":"FLOOR_ID","POI_ID":"POI_ID","NAME":"NAME","CATEGORY_ID":"CATEGORY_ID","COLOR":"COLOR","ROOMNUM":"ROOMNUM","FLOOR_INDEX":"FLOOR_INDEX","FLOOR_NAME":"FLOOR_NAME","ORIG_FID":"ORIG_FID","LENGTH":"LENGTH"},"geometryType":"esriGeometryPoint","spatialReference":{"wkid":3395,"latestWkid":3395},"fields":[{"name":"OBJECTID","type":"esriFieldTypeOID","alias":"OBJECTID"},{"name":"GEO_ID","type":"esriFieldTypeString","alias":"GEO_ID","length":50},{"name":"BUILDING_ID","type":"esriFieldTypeString","alias":"BUILDING_ID","length":50},{"name":"FLOOR_ID","type":"esriFieldTypeString","alias":"FLOOR_ID","length":50},{"name":"POI_ID","type":"esriFieldTypeString","alias":"POI_ID","length":50},{"name":"NAME","type":"esriFieldTypeString","alias":"NAME","length":50},{"name":"CATEGORY_ID","type":"esriFieldTypeSmallInteger","alias":"CATEGORY_ID"},{"name":"COLOR","type":"esriFieldTypeSmallInteger","alias":"COLOR"},{"name":"ROOMNUM","type":"esriFieldTypeString","alias":"ROOMNUM","length":50},{"name":"FLOOR_INDEX","type":"esriFieldTypeSmallInteger","alias":"FLOOR_INDEX"},{"name":"FLOOR_NAME","type":"esriFieldTypeString","alias":"FLOOR_NAME","length":50},{"name":"ORIG_FID","type":"esriFieldTypeInteger","alias":"ORIG_FID"},{"name":"LENGTH","type":"esriFieldTypeDouble","alias":"LENGTH"}],"features":[{"attributes":{"OBJECTID":2,"GEO_ID":"H85200001F0710003","BUILDING_ID":"H85200001","FLOOR_ID":"H85200001F07","POI_ID":"H85200001F0710003","NAME":"值机","CATEGORY_ID":25000,"COLOR":2,"ROOMNUM":null,"FLOOR_INDEX":7,"FLOOR_NAME":"F7","ORIG_FID":873,"LENGTH":334},"geometry":{"x":1914.1532000005245,"y":396.25629999861121}},{"attributes":{"OBJECTID":3,"GEO_ID":"H85200001F0710004","BUILDING_ID":"H85200001","FLOOR_ID":"H85200001F07","POI_ID":"H85200001F0710004","NAME":"值机","CATEGORY_ID":25000,"COLOR":2,"ROOMNUM":null,"FLOOR_INDEX":7,"FLOOR_NAME":"F7","ORIG_FID":874,"LENGTH":292},"geometry":{"x":1918.0672000013292,"y":432.28429999947548}},{"attributes":{"OBJECTID":4,"GEO_ID":"H85200001F0710005","BUILDING_ID":"H85200001","FLOOR_ID":"H85200001F07","POI_ID":"H85200001F0710005","NAME":"值机","CATEGORY_ID":25000,"COLOR":2,"ROOMNUM":null,"FLOOR_INDEX":7,"FLOOR_NAME":"F7","ORIG_FID":875,"LENGTH":292},"geometry":{"x":1918.0672000013292,"y":468.28429999947548}},{"attributes":{"OBJECTID":5,"GEO_ID":"H85200001F0710006","BUILDING_ID":"H85200001","FLOOR_ID":"H85200001F07","POI_ID":"H85200001F0710006","NAME":"值机","CATEGORY_ID":25000,"COLOR":2,"ROOMNUM":null,"FLOOR_INDEX":7,"FLOOR_NAME":"F7","ORIG_FID":876,"LENGTH":292},"geometry":{"x":1918.0672000013292,"y":504.284200001508}},{"attributes":{"OBJECTID":6,"GEO_ID":"H85200001F0710007","BUILDING_ID":"H85200001","FLOOR_ID":"H85200001F07","POI_ID":"H85200001F0710007","NAME":"值机","CATEGORY_ID":25000,"COLOR":2,"ROOMNUM":null,"FLOOR_INDEX":7,"FLOOR_NAME":"F7","ORIG_FID":877,"LENGTH":292},"geometry":{"x":1918.0672000013292,"y":540.28429999947548}},{"attributes":{"OBJECTID":7,"GEO_ID":"H85200001F0710008","BUILDING_ID":"H85200001","FLOOR_ID":"H85200001F07","POI_ID":"H85200001F0710008","NAME":"值机","CATEGORY_ID":25000,"COLOR":2,"ROOMNUM":null,"FLOOR_INDEX":7,"FLOOR_NAME":"F7","ORIG_FID":878,"LENGTH":292},"geometry":{"x":1918.0672000013292,"y":576.284200001508}},{"attributes":{"OBJECTID":8,"GEO_ID":"H85200001F0710009","BUILDING_ID":"H85200001","FLOOR_ID":"H85200001F07","POI_ID":"H85200001F0710009","NAME":"值机","CATEGORY_ID":25000,"COLOR":2,"ROOMNUM":null,"FLOOR_INDEX":7,"FLOOR_NAME":"F7","ORIG_FID":879,"LENGTH":292},"geometry":{"x":1918.0672000013292,"y":612.28429999947548}},{"attributes":{"OBJECTID":9,"GEO_ID":"H85200001F0710010","BUILDING_ID":"H85200001","FLOOR_ID":"H85200001F07","POI_ID":"H85200001F0710010","NAME":"值机","CATEGORY_ID":25000,"COLOR":2,"ROOMNUM":null,"FLOOR_INDEX":7,"FLOOR_NAME":"F7","ORIG_FID":880,"LENGTH":292},"geometry":{"x":1918.0672000013292,"y":648.28429999947548}},{"attributes":{"OBJECTID":10,"GEO_ID":"H85200001F0710011","BUILDING_ID":"H85200001","FLOOR_ID":"H85200001F07","POI_ID":"H85200001F0710011","NAME":"值机","CATEGORY_ID":25000,"COLOR":2,"ROOMNUM":null,"FLOOR_INDEX":7,"FLOOR_NAME":"F7","ORIG_FID":881,"LENGTH":334},"geometry":{"x":1914.1532000005245,"y":684.25629999861121}},{"attributes":{"OBJECTID":11,"GEO_ID":"H85200001F0710001","BUILDING_ID":"H85200001","FLOOR_ID":"H85200001F07","POI_ID":"H85200001F0710001","NAME":"港铁机场站L6","CATEGORY_ID":20002,"COLOR":2,"ROOMNUM":null,"FLOOR_INDEX":7,"FLOOR_NAME":"F7","ORIG_FID":882,"LENGTH":2784},"geometry":{"x":2044.5661999993026,"y":536.63929999992251}},{"attributes":{"OBJECTID":35,"GEO_ID":"H85200001F0710016","BUILDING_ID":"H85200001","FLOOR_ID":"H85200001F07","POI_ID":"H85200001F0710016","NAME":"出境（南）","CATEGORY_ID":25000,"COLOR":2,"ROOMNUM":null,"FLOOR_INDEX":7,"FLOOR_NAME":"F7","ORIG_FID":909,"LENGTH":449.55634918610406},"geometry":{"x":1847.0331999994814,"y":429.39420000091195}},{"attributes":{"OBJECTID":36,"GEO_ID":"H85200001F0710017","BUILDING_ID":"H85200001","FLOOR_ID":"H85200001F07","POI_ID":"H85200001F0710017","NAME":"出境（北）","CATEGORY_ID":25000,"COLOR":2,"ROOMNUM":null,"FLOOR_INDEX":7,"FLOOR_NAME":"F7","ORIG_FID":910,"LENGTH":441.55467445176225},"geometry":{"x":1846.9052000008523,"y":650.31819999963045}},{"attributes":{"OBJECTID":48,"GEO_ID":"H85200001F0710020","BUILDING_ID":"H85200001","FLOOR_ID":"H85200001F07","POI_ID":"H85200001F0710020","NAME":"Amazing Grace","CATEGORY_ID":25000,"COLOR":3,"ROOMNUM":null,"FLOOR_INDEX":7,"FLOOR_NAME":"F7","ORIG_FID":926,"LENGTH":85.060912298248766},"geometry":{"x":1811.3762000016868,"y":618.06920000165701}},{"attributes":{"OBJECTID":49,"GEO_ID":"H85200001F0710021","BUILDING_ID":"H85200001","FLOOR_ID":"H85200001F07","POI_ID":"H85200001F0710021","NAME":"香港迪斯尼乐园奇妙店","CATEGORY_ID":25000,"COLOR":3,"ROOMNUM":null,"FLOOR_INDEX":7,"FLOOR_NAME":"F7","ORIG_FID":927,"LENGTH":179.96959712956129},"geometry":{"x":1815.1211999990046,"y":467.6123000010848}},{"attributes":{"OBJECTID":59,"GEO_ID":"H85200001F0710027","BUILDING_ID":"H85200001","FLOOR_ID":"H85200001F07","POI_ID":"H85200001F0710027","NAME":"劳力士","CATEGORY_ID":25000,"COLOR":3,"ROOMNUM":null,"FLOOR_INDEX":7,"FLOOR_NAME":"F7","ORIG_FID":941,"LENGTH":119.53910524340094},"geometry":{"x":1741.9211999997497,"y":566.28830000013113}},{"attributes":{"OBJECTID":65,"GEO_ID":"H85200001F0710033","BUILDING_ID":"H85200001","FLOOR_ID":"H85200001F07","POI_ID":"H85200001F0710033","NAME":"CHANEL","CATEGORY_ID":25000,"COLOR":3,"ROOMNUM":null,"FLOOR_INDEX":7,"FLOOR_NAME":"F7","ORIG_FID":947,"LENGTH":119.53910524340093},"geometry":{"x":1741.9211999997497,"y":514.27919999882579}},{"attributes":{"OBJECTID":71,"GEO_ID":"H85200001F0710036","BUILDING_ID":"H85200001","FLOOR_ID":"H85200001F07","POI_ID":"H85200001F0710036","NAME":"agnès b. CAFÉ L.P.G.","CATEGORY_ID":25000,"COLOR":3,"ROOMNUM":null,"FLOOR_INDEX":7,"FLOOR_NAME":"F7","ORIG_FID":954,"LENGTH":69.988399997353554},"geometry":{"x":1949.5641999989748,"y":684.284200001508}},{"attributes":{"OBJECTID":72,"GEO_ID":"H85200001F0710037","BUILDING_ID":"H85200001","FLOOR_ID":"H85200001F07","POI_ID":"H85200001F0710037","NAME":"Rolling Luggage","CATEGORY_ID":25000,"COLOR":3,"ROOMNUM":null,"FLOOR_INDEX":7,"FLOOR_NAME":"F7","ORIG_FID":955,"LENGTH":49},"geometry":{"x":1881.007199998945,"y":464.18129999935627}},{"attributes":{"OBJECTID":73,"GEO_ID":"H85200001F0710038","BUILDING_ID":"H85200001","FLOOR_ID":"H85200001F07","POI_ID":"H85200001F0710038","NAME":"Bose","CATEGORY_ID":25000,"COLOR":3,"ROOMNUM":null,"FLOOR_INDEX":7,"FLOOR_NAME":"F7","ORIG_FID":956,"LENGTH":50},"geometry":{"x":1881.007199998945,"y":500.31329999864101}},{"attributes":{"OBJECTID":74,"GEO_ID":"H85200001F0710039","BUILDING_ID":"H85200001","FLOOR_ID":"H85200001F07","POI_ID":"H85200001F0710039","NAME":"Folli Follie","CATEGORY_ID":25000,"COLOR":3,"ROOMNUM":null,"FLOOR_INDEX":7,"FLOOR_NAME":"F7","ORIG_FID":957,"LENGTH":50},"geometry":{"x":1881.007199998945,"y":536.31320000067353}},{"attributes":{"OBJECTID":75,"GEO_ID":"H85200001F0710040","BUILDING_ID":"H85200001","FLOOR_ID":"H85200001F07","POI_ID":"H85200001F0710040","NAME":"The Peninsular Boutique","CATEGORY_ID":25000,"COLOR":3,"ROOMNUM":null,"FLOOR_INDEX":7,"FLOOR_NAME":"F7","ORIG_FID":958,"LENGTH":50},"geometry":{"x":1881.007199998945,"y":572.31329999864101}},{"attributes":{"OBJECTID":76,"GEO_ID":"H85200001F0710041","BUILDING_ID":"H85200001","FLOOR_ID":"H85200001F07","POI_ID":"H85200001F0710041","NAME":"YOKU MOKU","CATEGORY_ID":25000,"COLOR":3,"ROOMNUM":null,"FLOOR_INDEX":7,"FLOOR_NAME":"F7","ORIG_FID":959,"LENGTH":50},"geometry":{"x":1881.007199998945,"y":608.31320000067353}},{"attributes":{"OBJECTID":77,"GEO_ID":"H85200001F0710042","BUILDING_ID":"H85200001","FLOOR_ID":"H85200001F07","POI_ID":"H85200001F0710042","NAME":"Starbucks","CATEGORY_ID":25000,"COLOR":3,"ROOMNUM":null,"FLOOR_INDEX":7,"FLOOR_NAME":"F7","ORIG_FID":961,"LENGTH":69.988399997353554},"geometry":{"x":1949.5641999989748,"y":396.284200001508}},{"attributes":{"OBJECTID":78,"GEO_ID":"H85200001F0710043","BUILDING_ID":"H85200001","FLOOR_ID":"H85200001F07","POI_ID":"H85200001F0710043","NAME":"LeSportsac","CATEGORY_ID":25000,"COLOR":3,"ROOMNUM":null,"FLOOR_INDEX":7,"FLOOR_NAME":"F7","ORIG_FID":962,"LENGTH":49},"geometry":{"x":1881.007199998945,"y":471.8572999984026}},{"attributes":{"OBJECTID":79,"GEO_ID":"H85200001F0710044","BUILDING_ID":"H85200001","FLOOR_ID":"H85200001F07","POI_ID":"H85200001F0710044","NAME":"Tonino Lamborghini","CATEGORY_ID":25000,"COLOR":3,"ROOMNUM":null,"FLOOR_INDEX":7,"FLOOR_NAME":"F7","ORIG_FID":963,"LENGTH":48},"geometry":{"x":1881.007199998945,"y":507.99020000174642}},{"attributes":{"OBJECTID":80,"GEO_ID":"H85200001F0710045","BUILDING_ID":"H85200001","FLOOR_ID":"H85200001F07","POI_ID":"H85200001F0710045","NAME":"Go Travel","CATEGORY_ID":25000,"COLOR":3,"ROOMNUM":null,"FLOOR_INDEX":7,"FLOOR_NAME":"F7","ORIG_FID":964,"LENGTH":48},"geometry":{"x":1881.007199998945,"y":543.9902999997139}},{"attributes":{"OBJECTID":81,"GEO_ID":"H85200001F0710046","BUILDING_ID":"H85200001","FLOOR_ID":"H85200001F07","POI_ID":"H85200001F0710046","NAME":"Kipling","CATEGORY_ID":25000,"COLOR":3,"ROOMNUM":null,"FLOOR_INDEX":7,"FLOOR_NAME":"F7","ORIG_FID":965,"LENGTH":48},"geometry":{"x":1881.007199998945,"y":579.99020000174642}},{"attributes":{"OBJECTID":82,"GEO_ID":"H85200001F0710047","BUILDING_ID":"H85200001","FLOOR_ID":"H85200001F07","POI_ID":"H85200001F0710047","NAME":"全球通VIP俱乐部机场贵宾厅","CATEGORY_ID":25000,"COLOR":3,"ROOMNUM":null,"FLOOR_INDEX":7,"FLOOR_NAME":"F7","ORIG_FID":966,"LENGTH":48},"geometry":{"x":1881.007199998945,"y":615.9902999997139}},{"attributes":{"OBJECTID":83,"GEO_ID":"H85200001F0710048","BUILDING_ID":"H85200001","FLOOR_ID":"H85200001F07","POI_ID":"H85200001F0710048","NAME":"经纬","CATEGORY_ID":25000,"COLOR":3,"ROOMNUM":null,"FLOOR_INDEX":7,"FLOOR_NAME":"F7","ORIG_FID":967,"LENGTH":96},"geometry":{"x":1856.8812000006437,"y":485.4332999996841}},{"attributes":{"OBJECTID":84,"GEO_ID":"H85200001F0710049","BUILDING_ID":"H85200001","FLOOR_ID":"H85200001F07","POI_ID":"H85200001F0710049","NAME":"通济隆外币找换","CATEGORY_ID":25000,"COLOR":3,"ROOMNUM":null,"FLOOR_INDEX":7,"FLOOR_NAME":"F7","ORIG_FID":968,"LENGTH":38},"geometry":{"x":1861.4191999994218,"y":476.4902999997139}},{"attributes":{"OBJECTID":85,"GEO_ID":"H85200001F0710050","BUILDING_ID":"H85200001","FLOOR_ID":"H85200001F07","POI_ID":"H85200001F0710050","NAME":"数码娱乐产品","CATEGORY_ID":25000,"COLOR":3,"ROOMNUM":null,"FLOOR_INDEX":7,"FLOOR_NAME":"F7","ORIG_FID":969,"LENGTH":26},"geometry":{"x":1862.4781999997795,"y":481.784200001508}},{"attributes":{"OBJECTID":90,"GEO_ID":"H85200001F0710053","BUILDING_ID":"H85200001","FLOOR_ID":"H85200001F07","POI_ID":"H85200001F0710053","NAME":"万宁","CATEGORY_ID":25000,"COLOR":3,"ROOMNUM":null,"FLOOR_INDEX":7,"FLOOR_NAME":"F7","ORIG_FID":974,"LENGTH":84},"geometry":{"x":1857.6211999990046,"y":501.49320000037551}},{"attributes":{"OBJECTID":91,"GEO_ID":"H85200001F0710054","BUILDING_ID":"H85200001","FLOOR_ID":"H85200001F07","POI_ID":"H85200001F0710054","NAME":"Leica Store","CATEGORY_ID":25000,"COLOR":3,"ROOMNUM":null,"FLOOR_INDEX":7,"FLOOR_NAME":"F7","ORIG_FID":975,"LENGTH":34},"geometry":{"x":1861.4191999994218,"y":505.6072999984026}},{"attributes":{"OBJECTID":95,"GEO_ID":"H85200001F0710056","BUILDING_ID":"H85200001","FLOOR_ID":"H85200001F07","POI_ID":"H85200001F0710056","NAME":"丰泽电器","CATEGORY_ID":25000,"COLOR":3,"ROOMNUM":null,"FLOOR_INDEX":7,"FLOOR_NAME":"F7","ORIG_FID":979,"LENGTH":66},"geometry":{"x":1859.5021999999881,"y":526.06929999962449}},{"attributes":{"OBJECTID":96,"GEO_ID":"H85200001F0710057","BUILDING_ID":"H85200001","FLOOR_ID":"H85200001F07","POI_ID":"H85200001F0710057","NAME":"名仕快相","CATEGORY_ID":25000,"COLOR":3,"ROOMNUM":null,"FLOOR_INDEX":7,"FLOOR_NAME":"F7","ORIG_FID":980,"LENGTH":16},"geometry":{"x":1855.8601999990642,"y":529.43120000138879}},{"attributes":{"OBJECTID":97,"GEO_ID":"H85200001F0710058","BUILDING_ID":"H85200001","FLOOR_ID":"H85200001F07","POI_ID":"H85200001F0710058","NAME":"優の良品","CATEGORY_ID":25000,"COLOR":3,"ROOMNUM":null,"FLOOR_INDEX":7,"FLOOR_NAME":"F7","ORIG_FID":981,"LENGTH":62},"geometry":{"x":1861.4191999994218,"y":515.66620000079274}},{"attributes":{"OBJECTID":98,"GEO_ID":"H85200001F0710059","BUILDING_ID":"H85200001","FLOOR_ID":"H85200001F07","POI_ID":"H85200001F0710059","NAME":"奇华饼家","CATEGORY_ID":25000,"COLOR":3,"ROOMNUM":null,"FLOOR_INDEX":7,"FLOOR_NAME":"F7","ORIG_FID":982,"LENGTH":64},"geometry":{"x":1852.0582000017166,"y":525.7542000003159}},{"attributes":{"OBJECTID":107,"GEO_ID":"H85200001F0710064","BUILDING_ID":"H85200001","FLOOR_ID":"H85200001F07","POI_ID":"H85200001F0710064","NAME":"大力水手炸鸡","CATEGORY_ID":25000,"COLOR":3,"ROOMNUM":null,"FLOOR_INDEX":7,"FLOOR_NAME":"F7","ORIG_FID":992,"LENGTH":70},"geometry":{"x":1830.1832000017166,"y":501.90129999816418}},{"attributes":{"OBJECTID":108,"GEO_ID":"H85200001F0710065","BUILDING_ID":"H85200001","FLOOR_ID":"H85200001F07","POI_ID":"H85200001F0710065","NAME":"吐司蜜语","CATEGORY_ID":25000,"COLOR":3,"ROOMNUM":null,"FLOOR_INDEX":7,"FLOOR_NAME":"F7","ORIG_FID":993,"LENGTH":138},"geometry":{"x":1832.6832000017166,"y":520.10720000043511}},{"attributes":{"OBJECTID":109,"GEO_ID":"H85200001F0710066","BUILDING_ID":"H85200001","FLOOR_ID":"H85200001F07","POI_ID":"H85200001F0710066","NAME":"Caffè Ritazza","CATEGORY_ID":25000,"COLOR":3,"ROOMNUM":null,"FLOOR_INDEX":7,"FLOOR_NAME":"F7","ORIG_FID":994,"LENGTH":65},"geometry":{"x":1830.1832000017166,"y":535.65129999816418}},{"attributes":{"OBJECTID":111,"GEO_ID":"H85200001F0710068","BUILDING_ID":"H85200001","FLOOR_ID":"H85200001F07","POI_ID":"H85200001F0710068","NAME":"大家乐","CATEGORY_ID":25000,"COLOR":3,"ROOMNUM":null,"FLOOR_INDEX":7,"FLOOR_NAME":"F7","ORIG_FID":996,"LENGTH":215},"geometry":{"x":1831.8132000006735,"y":561.8843000009656}},{"attributes":{"OBJECTID":112,"GEO_ID":"H85200001F0710069","BUILDING_ID":"H85200001","FLOOR_ID":"H85200001F07","POI_ID":"H85200001F0710069","NAME":"无印良品","CATEGORY_ID":25000,"COLOR":3,"ROOMNUM":null,"FLOOR_INDEX":7,"FLOOR_NAME":"F7","ORIG_FID":997,"LENGTH":70},"geometry":{"x":1856.7351999990642,"y":552.92029999941587}},{"attributes":{"OBJECTID":113,"GEO_ID":"H85200001F0710070","BUILDING_ID":"H85200001","FLOOR_ID":"H85200001F07","POI_ID":"H85200001F0710070","NAME":"Page One","CATEGORY_ID":25000,"COLOR":3,"ROOMNUM":null,"FLOOR_INDEX":7,"FLOOR_NAME":"F7","ORIG_FID":998,"LENGTH":86},"geometry":{"x":1858.022199999541,"y":559.5362999998033}},{"attributes":{"OBJECTID":114,"GEO_ID":"H85200001F0710071","BUILDING_ID":"H85200001","FLOOR_ID":"H85200001F07","POI_ID":"H85200001F0710071","NAME":"零食物语","CATEGORY_ID":25000,"COLOR":3,"ROOMNUM":null,"FLOOR_INDEX":7,"FLOOR_NAME":"F7","ORIG_FID":999,"LENGTH":68},"geometry":{"x":1857.4162000007927,"y":565.78020000085235}},{"attributes":{"OBJECTID":117,"GEO_ID":"H85200001F0710072","BUILDING_ID":"H85200001","FLOOR_ID":"H85200001F07","POI_ID":"H85200001F0710072","NAME":"西龙传香饭团","CATEGORY_ID":25000,"COLOR":3,"ROOMNUM":null,"FLOOR_INDEX":7,"FLOOR_NAME":"F7","ORIG_FID":1002,"LENGTH":32},"geometry":{"x":1844.4781999997795,"y":552.4602999985218}},{"attributes":{"OBJECTID":120,"GEO_ID":"H85200001F0710073","BUILDING_ID":"H85200001","FLOOR_ID":"H85200001F07","POI_ID":"H85200001F0710073","NAME":"Toys & Games","CATEGORY_ID":25000,"COLOR":3,"ROOMNUM":null,"FLOOR_INDEX":7,"FLOOR_NAME":"F7","ORIG_FID":1005,"LENGTH":82},"geometry":{"x":1857.4952000007033,"y":579.35130000114441}},{"attributes":{"OBJECTID":121,"GEO_ID":"H85200001F0710074","BUILDING_ID":"H85200001","FLOOR_ID":"H85200001F07","POI_ID":"H85200001F0710074","NAME":"Tissot","CATEGORY_ID":25000,"COLOR":3,"ROOMNUM":null,"FLOOR_INDEX":7,"FLOOR_NAME":"F7","ORIG_FID":1006,"LENGTH":36},"geometry":{"x":1861.4191999994218,"y":575.7542000003159}},{"attributes":{"OBJECTID":124,"GEO_ID":"H85200001F0710075","BUILDING_ID":"H85200001","FLOOR_ID":"H85200001F07","POI_ID":"H85200001F0710075","NAME":"Swatch","CATEGORY_ID":25000,"COLOR":3,"ROOMNUM":null,"FLOOR_INDEX":7,"FLOOR_NAME":"F7","ORIG_FID":1009,"LENGTH":56},"geometry":{"x":1861.6832000017166,"y":597.72529999911785}},{"attributes":{"OBJECTID":125,"GEO_ID":"H85200001F0710076","BUILDING_ID":"H85200001","FLOOR_ID":"H85200001F07","POI_ID":"H85200001F0710076","NAME":"通济隆外币找换","CATEGORY_ID":25000,"COLOR":3,"ROOMNUM":null,"FLOOR_INDEX":7,"FLOOR_NAME":"F7","ORIG_FID":1010,"LENGTH":54},"geometry":{"x":1861.1372000016272,"y":605.38419999927282}},{"attributes":{"OBJECTID":126,"GEO_ID":"H85200001F0710077","BUILDING_ID":"H85200001","FLOOR_ID":"H85200001F07","POI_ID":"H85200001F0710077","NAME":"中国银行","CATEGORY_ID":25000,"COLOR":3,"ROOMNUM":null,"FLOOR_INDEX":7,"FLOOR_NAME":"F7","ORIG_FID":1011,"LENGTH":144},"geometry":{"x":1854.0672000013292,"y":599.12829999998212}},{"attributes":{"OBJECTID":128,"GEO_ID":"H85200001F0710079","BUILDING_ID":"H85200001","FLOOR_ID":"H85200001F07","POI_ID":"H85200001F0710079","NAME":"荣华饼家","CATEGORY_ID":25000,"COLOR":3,"ROOMNUM":null,"FLOOR_INDEX":7,"FLOOR_NAME":"F7","ORIG_FID":1014,"LENGTH":189.99161533845719},"geometry":{"x":1791.2472000010312,"y":413.23420000076294}},{"attributes":{"OBJECTID":129,"GEO_ID":"H85200001F0710080","BUILDING_ID":"H85200001","FLOOR_ID":"H85200001F07","POI_ID":"H85200001F0710080","NAME":"百乐潮州酒家","CATEGORY_ID":25000,"COLOR":3,"ROOMNUM":null,"FLOOR_INDEX":7,"FLOOR_NAME":"F7","ORIG_FID":1017,"LENGTH":191.68332957967635},"geometry":{"x":1756.3071999996901,"y":444.82719999924302}},{"attributes":{"OBJECTID":131,"GEO_ID":"H85200001F0710082","BUILDING_ID":"H85200001","FLOOR_ID":"H85200001F07","POI_ID":"H85200001F0710082","NAME":"LACOSTE","CATEGORY_ID":25000,"COLOR":3,"ROOMNUM":null,"FLOOR_INDEX":7,"FLOOR_NAME":"F7","ORIG_FID":1019,"LENGTH":69.825744715362546},"geometry":{"x":1801.5012000016868,"y":423.28429999947548}},{"attributes":{"OBJECTID":132,"GEO_ID":"H85200001F0710083","BUILDING_ID":"H85200001","FLOOR_ID":"H85200001F07","POI_ID":"H85200001F0710083","NAME":"上海滩","CATEGORY_ID":25000,"COLOR":3,"ROOMNUM":null,"FLOOR_INDEX":7,"FLOOR_NAME":"F7","ORIG_FID":1020,"LENGTH":63.62872410289269},"geometry":{"x":1777.6402000002563,"y":423.41629999876022}},{"attributes":{"OBJECTID":133,"GEO_ID":"H85200001F0710084","BUILDING_ID":"H85200001","FLOOR_ID":"H85200001F07","POI_ID":"H85200001F0710084","NAME":"福茗堂","CATEGORY_ID":25000,"COLOR":3,"ROOMNUM":null,"FLOOR_INDEX":7,"FLOOR_NAME":"F7","ORIG_FID":1021,"LENGTH":69.545748820218364},"geometry":{"x":1771.022199999541,"y":430.03620000183582}},{"attributes":{"OBJECTID":135,"GEO_ID":"H85200001F0710086","BUILDING_ID":"H85200001","FLOOR_ID":"H85200001F07","POI_ID":"H85200001F0710086","NAME":"意粉屋","CATEGORY_ID":25000,"COLOR":3,"ROOMNUM":null,"FLOOR_INDEX":7,"FLOOR_NAME":"F7","ORIG_FID":1023,"LENGTH":169.03905421211991},"geometry":{"x":1721.3062000013888,"y":487.61430000141263}},{"attributes":{"OBJECTID":138,"GEO_ID":"H85200001F0710088","BUILDING_ID":"H85200001","FLOOR_ID":"H85200001F07","POI_ID":"H85200001F0710088","NAME":"MOVENPICK","CATEGORY_ID":25000,"COLOR":3,"ROOMNUM":null,"FLOOR_INDEX":7,"FLOOR_NAME":"F7","ORIG_FID":1028,"LENGTH":65.533405178944392},"geometry":{"x":1800.5331999994814,"y":489.86520000174642}},{"attributes":{"OBJECTID":139,"GEO_ID":"H85200001F0710089","BUILDING_ID":"H85200001","FLOOR_ID":"H85200001F07","POI_ID":"H85200001F0710089","NAME":"Panopolis","CATEGORY_ID":25000,"COLOR":3,"ROOMNUM":null,"FLOOR_INDEX":7,"FLOOR_NAME":"F7","ORIG_FID":1029,"LENGTH":71.852306034871063},"geometry":{"x":1796.7892000004649,"y":498.87530000135303}},{"attributes":{"OBJECTID":140,"GEO_ID":"H85200001F0710090","BUILDING_ID":"H85200001","FLOOR_ID":"H85200001F07","POI_ID":"H85200001F0710090","NAME":"麦当劳","CATEGORY_ID":25000,"COLOR":3,"ROOMNUM":null,"FLOOR_INDEX":7,"FLOOR_NAME":"F7","ORIG_FID":1030,"LENGTH":78.47101260835791},"geometry":{"x":1789.8132000006735,"y":504.75129999965429}},{"attributes":{"OBJECTID":141,"GEO_ID":"H85200001F0710091","BUILDING_ID":"H85200001","FLOOR_ID":"H85200001F07","POI_ID":"H85200001F0710091","NAME":"味千拉面","CATEGORY_ID":25000,"COLOR":3,"ROOMNUM":null,"FLOOR_INDEX":7,"FLOOR_NAME":"F7","ORIG_FID":1031,"LENGTH":56},"geometry":{"x":1785.7131999991834,"y":515.93129999935627}},{"attributes":{"OBJECTID":142,"GEO_ID":"H85200001F0710092","BUILDING_ID":"H85200001","FLOOR_ID":"H85200001F07","POI_ID":"H85200001F0710092","NAME":"胜博殿","CATEGORY_ID":25000,"COLOR":3,"ROOMNUM":null,"FLOOR_INDEX":7,"FLOOR_NAME":"F7","ORIG_FID":1032,"LENGTH":46},"geometry":{"x":1785.7131999991834,"y":526.25429999828339}},{"attributes":{"OBJECTID":143,"GEO_ID":"H85200001F0710093","BUILDING_ID":"H85200001","FLOOR_ID":"H85200001F07","POI_ID":"H85200001F0710093","NAME":"大力水手炸鸡","CATEGORY_ID":25000,"COLOR":3,"ROOMNUM":null,"FLOOR_INDEX":7,"FLOOR_NAME":"F7","ORIG_FID":1034,"LENGTH":62.739853083040614},"geometry":{"x":1802.4781999997795,"y":495.8163000009954}},{"attributes":{"OBJECTID":146,"GEO_ID":"H85200001F0710095","BUILDING_ID":"H85200001","FLOOR_ID":"H85200001F07","POI_ID":"H85200001F0710095","NAME":"上海滩","CATEGORY_ID":25000,"COLOR":3,"ROOMNUM":null,"FLOOR_INDEX":7,"FLOOR_NAME":"F7","ORIG_FID":1037,"LENGTH":129.49251919741931},"geometry":{"x":1819.784200001508,"y":612.51920000091195}},{"attributes":{"OBJECTID":147,"GEO_ID":"H85200001F0710096","BUILDING_ID":"H85200001","FLOOR_ID":"H85200001F07","POI_ID":"H85200001F0710096","NAME":"Tonino Lamborghini","CATEGORY_ID":25000,"COLOR":3,"ROOMNUM":null,"FLOOR_INDEX":7,"FLOOR_NAME":"F7","ORIG_FID":1038,"LENGTH":83.416165633664178},"geometry":{"x":1809.8801999986172,"y":606.10330000147223}},{"attributes":{"OBJECTID":148,"GEO_ID":"H85200001F0710097","BUILDING_ID":"H85200001","FLOOR_ID":"H85200001F07","POI_ID":"H85200001F0710097","NAME":"PizzaExpress","CATEGORY_ID":25000,"COLOR":3,"ROOMNUM":null,"FLOOR_INDEX":7,"FLOOR_NAME":"F7","ORIG_FID":1039,"LENGTH":95.126623540121102},"geometry":{"x":1723.8161999993026,"y":599.61730000004172}},{"attributes":{"OBJECTID":150,"GEO_ID":"H85200001F0710098","BUILDING_ID":"H85200001","FLOOR_ID":"H85200001F07","POI_ID":"H85200001F0710098","NAME":"峰景餐厅","CATEGORY_ID":25000,"COLOR":3,"ROOMNUM":null,"FLOOR_INDEX":7,"FLOOR_NAME":"F7","ORIG_FID":1041,"LENGTH":196.36917623199378},"geometry":{"x":1753.534200001508,"y":631.20919999852777}},{"attributes":{"OBJECTID":152,"GEO_ID":"H85200001F0710100","BUILDING_ID":"H85200001","FLOOR_ID":"H85200001F07","POI_ID":"H85200001F0710100","NAME":"佐丹奴","CATEGORY_ID":25000,"COLOR":3,"ROOMNUM":null,"FLOOR_INDEX":7,"FLOOR_NAME":"F7","ORIG_FID":1043,"LENGTH":101.9184788314426},"geometry":{"x":1804.1691999994218,"y":659.54820000007749}},{"attributes":{"OBJECTID":154,"GEO_ID":"H85200001F0710101","BUILDING_ID":"H85200001","FLOOR_ID":"H85200001F07","POI_ID":"H85200001F0710101","NAME":"優の良品","CATEGORY_ID":25000,"COLOR":3,"ROOMNUM":null,"FLOOR_INDEX":7,"FLOOR_NAME":"F7","ORIG_FID":1046,"LENGTH":113.5243480111366},"geometry":{"x":1787.7192000001669,"y":667.86129999905825}},{"attributes":{"OBJECTID":155,"GEO_ID":"H85200001F0710102","BUILDING_ID":"H85200001","FLOOR_ID":"H85200001F07","POI_ID":"H85200001F0710102","NAME":"余仁生","CATEGORY_ID":25000,"COLOR":3,"ROOMNUM":null,"FLOOR_INDEX":7,"FLOOR_NAME":"F7","ORIG_FID":1047,"LENGTH":65.015532396455853},"geometry":{"x":1777.5122000016272,"y":657.02230000123382}},{"attributes":{"OBJECTID":156,"GEO_ID":"H85200001F0710103","BUILDING_ID":"H85200001","FLOOR_ID":"H85200001F07","POI_ID":"H85200001F0710103","NAME":"万宁","CATEGORY_ID":25000,"COLOR":3,"ROOMNUM":null,"FLOOR_INDEX":7,"FLOOR_NAME":"F7","ORIG_FID":1048,"LENGTH":63.676696459517736},"geometry":{"x":1771.2892000004649,"y":650.80330000072718}},{"attributes":{"OBJECTID":158,"GEO_ID":"H85200001F0710105","BUILDING_ID":"H85200001","FLOOR_ID":"H85200001F07","POI_ID":"H85200001F0710105","NAME":"翠华","CATEGORY_ID":25000,"COLOR":3,"ROOMNUM":null,"FLOOR_INDEX":7,"FLOOR_NAME":"F7","ORIG_FID":1050,"LENGTH":144},"geometry":{"x":1788.819200001657,"y":562.39119999855757}},{"attributes":{"OBJECTID":159,"GEO_ID":"H85200001F0710106","BUILDING_ID":"H85200001","FLOOR_ID":"H85200001F07","POI_ID":"H85200001F0710106","NAME":"正斗粥面专家","CATEGORY_ID":25000,"COLOR":3,"ROOMNUM":null,"FLOOR_INDEX":7,"FLOOR_NAME":"F7","ORIG_FID":1052,"LENGTH":111.25483399593905},"geometry":{"x":1791.6702000014484,"y":576.50219999998808}},{"attributes":{"OBJECTID":160,"GEO_ID":"H85200001F0710107","BUILDING_ID":"H85200001","FLOOR_ID":"H85200001F07","POI_ID":"H85200001F0710107","NAME":"大家乐","CATEGORY_ID":25000,"COLOR":3,"ROOMNUM":null,"FLOOR_INDEX":7,"FLOOR_NAME":"F7","ORIG_FID":1053,"LENGTH":98.083261120685236},"geometry":{"x":1799.9512000009418,"y":586.17929999902844}},{"attributes":{"OBJECTID":171,"GEO_ID":"H85200001F0710146","BUILDING_ID":"H85200001","FLOOR_ID":"H85200001F07","POI_ID":"H85200001F0710146","NAME":"A","CATEGORY_ID":25003,"COLOR":8,"ROOMNUM":null,"FLOOR_INDEX":7,"FLOOR_NAME":"F7","ORIG_FID":1065,"LENGTH":296},"geometry":{"x":1914.4061999991536,"y":383.81430000066757}},{"attributes":{"OBJECTID":172,"GEO_ID":"H85200001F0710147","BUILDING_ID":"H85200001","FLOOR_ID":"H85200001F07","POI_ID":"H85200001F0710147","NAME":"E","CATEGORY_ID":25003,"COLOR":8,"ROOMNUM":null,"FLOOR_INDEX":7,"FLOOR_NAME":"F7","ORIG_FID":1066,"LENGTH":340},"geometry":{"x":1914.2782000005245,"y":522.28429999947548}},{"attributes":{"OBJECTID":173,"GEO_ID":"H85200001F0710148","BUILDING_ID":"H85200001","FLOOR_ID":"H85200001F07","POI_ID":"H85200001F0710148","NAME":"G","CATEGORY_ID":25003,"COLOR":8,"ROOMNUM":null,"FLOOR_INDEX":7,"FLOOR_NAME":"F7","ORIG_FID":1067,"LENGTH":340},"geometry":{"x":1914.2782000005245,"y":594.284200001508}},{"attributes":{"OBJECTID":174,"GEO_ID":"H85200001F0710149","BUILDING_ID":"H85200001","FLOOR_ID":"H85200001F07","POI_ID":"H85200001F0710149","NAME":"F","CATEGORY_ID":25003,"COLOR":8,"ROOMNUM":null,"FLOOR_INDEX":7,"FLOOR_NAME":"F7","ORIG_FID":1068,"LENGTH":340},"geometry":{"x":1914.2782000005245,"y":558.28429999947548}},{"attributes":{"OBJECTID":175,"GEO_ID":"H85200001F0710150","BUILDING_ID":"H85200001","FLOOR_ID":"H85200001F07","POI_ID":"H85200001F0710150","NAME":"D","CATEGORY_ID":25003,"COLOR":8,"ROOMNUM":null,"FLOOR_INDEX":7,"FLOOR_NAME":"F7","ORIG_FID":1069,"LENGTH":340},"geometry":{"x":1914.2782000005245,"y":486.284200001508}},{"attributes":{"OBJECTID":176,"GEO_ID":"H85200001F0710151","BUILDING_ID":"H85200001","FLOOR_ID":"H85200001F07","POI_ID":"H85200001F0710151","NAME":"B","CATEGORY_ID":25003,"COLOR":8,"ROOMNUM":null,"FLOOR_INDEX":7,"FLOOR_NAME":"F7","ORIG_FID":1070,"LENGTH":340},"geometry":{"x":1914.2782000005245,"y":414.284200001508}},{"attributes":{"OBJECTID":177,"GEO_ID":"H85200001F0710152","BUILDING_ID":"H85200001","FLOOR_ID":"H85200001F07","POI_ID":"H85200001F0710152","NAME":"H","CATEGORY_ID":25003,"COLOR":8,"ROOMNUM":null,"FLOOR_INDEX":7,"FLOOR_NAME":"F7","ORIG_FID":1071,"LENGTH":340},"geometry":{"x":1914.2782000005245,"y":630.28429999947548}},{"attributes":{"OBJECTID":178,"GEO_ID":"H85200001F0710153","BUILDING_ID":"H85200001","FLOOR_ID":"H85200001F07","POI_ID":"H85200001F0710153","NAME":"C","CATEGORY_ID":25003,"COLOR":8,"ROOMNUM":null,"FLOOR_INDEX":7,"FLOOR_NAME":"F7","ORIG_FID":1078,"LENGTH":340},"geometry":{"x":1914.2782000005245,"y":450.28429999947548}},{"attributes":{"OBJECTID":179,"GEO_ID":"H85200001F0710154","BUILDING_ID":"H85200001","FLOOR_ID":"H85200001F07","POI_ID":"H85200001F0710154","NAME":"J","CATEGORY_ID":25003,"COLOR":8,"ROOMNUM":null,"FLOOR_INDEX":7,"FLOOR_NAME":"F7","ORIG_FID":1080,"LENGTH":340},"geometry":{"x":1914.2782000005245,"y":666.284200001508}},{"attributes":{"OBJECTID":180,"GEO_ID":"H85200001F0710155","BUILDING_ID":"H85200001","FLOOR_ID":"H85200001F07","POI_ID":"H85200001F0710155","NAME":"K","CATEGORY_ID":25003,"COLOR":8,"ROOMNUM":null,"FLOOR_INDEX":7,"FLOOR_NAME":"F7","ORIG_FID":1081,"LENGTH":296.01200000196695},"geometry":{"x":1914.4061999991536,"y":696.75519999861717}}]}