{"displayFieldName":"","fieldAliases":{"OBJECTID":"OBJECTID","GEO_ID":"GEO_ID","BUILDING_ID":"BUILDING_ID","FLOOR_ID":"FLOOR_ID","POI_ID":"POI_ID","NAME":"NAME","CATEGORY_ID":"CATEGORY_ID","COLOR":"COLOR","ROOMNUM":"ROOMNUM","FLOOR_INDEX":"FLOOR_INDEX","FLOOR_NAME":"FLOOR_NAME","ORIG_FID":"ORIG_FID","LENGTH":"LENGTH"},"geometryType":"esriGeometryPoint","spatialReference":{"wkid":3395,"latestWkid":3395},"fields":[{"name":"OBJECTID","type":"esriFieldTypeOID","alias":"OBJECTID"},{"name":"GEO_ID","type":"esriFieldTypeString","alias":"GEO_ID","length":50},{"name":"BUILDING_ID","type":"esriFieldTypeString","alias":"BUILDING_ID","length":50},{"name":"FLOOR_ID","type":"esriFieldTypeString","alias":"FLOOR_ID","length":50},{"name":"POI_ID","type":"esriFieldTypeString","alias":"POI_ID","length":50},{"name":"NAME","type":"esriFieldTypeString","alias":"NAME","length":50},{"name":"CATEGORY_ID","type":"esriFieldTypeSmallInteger","alias":"CATEGORY_ID"},{"name":"COLOR","type":"esriFieldTypeSmallInteger","alias":"COLOR"},{"name":"ROOMNUM","type":"esriFieldTypeString","alias":"ROOMNUM","length":50},{"name":"FLOOR_INDEX","type":"esriFieldTypeSmallInteger","alias":"FLOOR_INDEX"},{"name":"FLOOR_NAME","type":"esriFieldTypeString","alias":"FLOOR_NAME","length":50},{"name":"ORIG_FID","type":"esriFieldTypeInteger","alias":"ORIG_FID"},{"name":"LENGTH","type":"esriFieldTypeDouble","alias":"LENGTH"}],"features":[{"attributes":{"OBJECTID":1,"GEO_ID":"H85200001F0510313","BUILDING_ID":"H85200001","FLOOR_ID":"H85200001F05","POI_ID":"H85200001F0510313","NAME":"港铁机场站","CATEGORY_ID":20002,"COLOR":2,"ROOMNUM":null,"FLOOR_INDEX":5,"FLOOR_NAME":"F5","ORIG_FID":223,"LENGTH":49805.305100034922},"geometry":{"x":2057.6951999999583,"y":566.76419999822974}},{"attributes":{"OBJECTID":81,"GEO_ID":"H85200001F0510251","BUILDING_ID":"H85200001","FLOOR_ID":"H85200001F05","POI_ID":"H85200001F0510251","NAME":"DFS Duty Free","CATEGORY_ID":25000,"COLOR":3,"ROOMNUM":null,"FLOOR_INDEX":5,"FLOOR_NAME":"F5","ORIG_FID":568,"LENGTH":535.65865859710004},"geometry":{"x":1800.8691999986768,"y":526.92430000007153}},{"attributes":{"OBJECTID":82,"GEO_ID":"H85200001F0510249","BUILDING_ID":"H85200001","FLOOR_ID":"H85200001F05","POI_ID":"H85200001F0510249","NAME":"DFS Beauty","CATEGORY_ID":25000,"COLOR":3,"ROOMNUM":null,"FLOOR_INDEX":5,"FLOOR_NAME":"F5","ORIG_FID":569,"LENGTH":449.76251917856951},"geometry":{"x":1795.0811999998987,"y":563.6482000015676}},{"attributes":{"OBJECTID":105,"GEO_ID":"H85200001F0510314","BUILDING_ID":"H85200001","FLOOR_ID":"H85200001F05","POI_ID":"H85200001F0510314","NAME":"行李提取","CATEGORY_ID":25000,"COLOR":2,"ROOMNUM":null,"FLOOR_INDEX":5,"FLOOR_NAME":"F5","ORIG_FID":599,"LENGTH":1182.8761850089297},"geometry":{"x":1887.1162000000477,"y":402.3623000010848}},{"attributes":{"OBJECTID":106,"GEO_ID":"H85200001F0510315","BUILDING_ID":"H85200001","FLOOR_ID":"H85200001F05","POI_ID":"H85200001F0510315","NAME":"行李提取","CATEGORY_ID":25000,"COLOR":2,"ROOMNUM":null,"FLOOR_INDEX":5,"FLOOR_NAME":"F5","ORIG_FID":600,"LENGTH":1182.8761850089286},"geometry":{"x":1887.1162000000477,"y":426.18519999831915}},{"attributes":{"OBJECTID":107,"GEO_ID":"H85200001F0510316","BUILDING_ID":"H85200001","FLOOR_ID":"H85200001F05","POI_ID":"H85200001F0510316","NAME":"行李提取","CATEGORY_ID":25000,"COLOR":2,"ROOMNUM":null,"FLOOR_INDEX":5,"FLOOR_NAME":"F5","ORIG_FID":601,"LENGTH":1182.8761850089259},"geometry":{"x":1887.1162000000477,"y":450.53819999843836}},{"attributes":{"OBJECTID":108,"GEO_ID":"H85200001F0510317","BUILDING_ID":"H85200001","FLOOR_ID":"H85200001F05","POI_ID":"H85200001F0510317","NAME":"行李提取","CATEGORY_ID":25000,"COLOR":2,"ROOMNUM":null,"FLOOR_INDEX":5,"FLOOR_NAME":"F5","ORIG_FID":602,"LENGTH":1182.8761850089259},"geometry":{"x":1887.1162000000477,"y":474.3623000010848}},{"attributes":{"OBJECTID":109,"GEO_ID":"H85200001F0510318","BUILDING_ID":"H85200001","FLOOR_ID":"H85200001F05","POI_ID":"H85200001F0510318","NAME":"行李提取","CATEGORY_ID":25000,"COLOR":2,"ROOMNUM":null,"FLOOR_INDEX":5,"FLOOR_NAME":"F5","ORIG_FID":603,"LENGTH":1182.8761850089261},"geometry":{"x":1887.1162000000477,"y":498.18530000001192}},{"attributes":{"OBJECTID":110,"GEO_ID":"H85200001F0510319","BUILDING_ID":"H85200001","FLOOR_ID":"H85200001F05","POI_ID":"H85200001F0510319","NAME":"行李提取","CATEGORY_ID":25000,"COLOR":2,"ROOMNUM":null,"FLOOR_INDEX":5,"FLOOR_NAME":"F5","ORIG_FID":604,"LENGTH":1182.8761850089261},"geometry":{"x":1887.1162000000477,"y":522.53830000013113}},{"attributes":{"OBJECTID":111,"GEO_ID":"H85200001F0510320","BUILDING_ID":"H85200001","FLOOR_ID":"H85200001F05","POI_ID":"H85200001F0510320","NAME":"行李提取","CATEGORY_ID":25000,"COLOR":2,"ROOMNUM":null,"FLOOR_INDEX":5,"FLOOR_NAME":"F5","ORIG_FID":605,"LENGTH":1182.8761850089256},"geometry":{"x":1887.1162000000477,"y":558.53819999843836}},{"attributes":{"OBJECTID":112,"GEO_ID":"H85200001F0510321","BUILDING_ID":"H85200001","FLOOR_ID":"H85200001F05","POI_ID":"H85200001F0510321","NAME":"行李提取","CATEGORY_ID":25000,"COLOR":2,"ROOMNUM":null,"FLOOR_INDEX":5,"FLOOR_NAME":"F5","ORIG_FID":606,"LENGTH":1182.8761850089249},"geometry":{"x":1887.1162000000477,"y":582.3623000010848}},{"attributes":{"OBJECTID":113,"GEO_ID":"H85200001F0510322","BUILDING_ID":"H85200001","FLOOR_ID":"H85200001F05","POI_ID":"H85200001F0510322","NAME":"行李提取","CATEGORY_ID":25000,"COLOR":2,"ROOMNUM":null,"FLOOR_INDEX":5,"FLOOR_NAME":"F5","ORIG_FID":607,"LENGTH":1182.8761850089243},"geometry":{"x":1887.1162000000477,"y":606.18519999831915}},{"attributes":{"OBJECTID":114,"GEO_ID":"H85200001F0510323","BUILDING_ID":"H85200001","FLOOR_ID":"H85200001F05","POI_ID":"H85200001F0510323","NAME":"行李提取","CATEGORY_ID":25000,"COLOR":2,"ROOMNUM":null,"FLOOR_INDEX":5,"FLOOR_NAME":"F5","ORIG_FID":608,"LENGTH":1182.8761850089238},"geometry":{"x":1887.1162000000477,"y":630.53819999843836}},{"attributes":{"OBJECTID":115,"GEO_ID":"H85200001F0510324","BUILDING_ID":"H85200001","FLOOR_ID":"H85200001F05","POI_ID":"H85200001F0510324","NAME":"行李提取","CATEGORY_ID":25000,"COLOR":2,"ROOMNUM":null,"FLOOR_INDEX":5,"FLOOR_NAME":"F5","ORIG_FID":609,"LENGTH":1182.876185008924},"geometry":{"x":1887.1162000000477,"y":654.3623000010848}},{"attributes":{"OBJECTID":116,"GEO_ID":"H85200001F0510325","BUILDING_ID":"H85200001","FLOOR_ID":"H85200001F05","POI_ID":"H85200001F0510325","NAME":"行李提取","CATEGORY_ID":25000,"COLOR":2,"ROOMNUM":null,"FLOOR_INDEX":5,"FLOOR_NAME":"F5","ORIG_FID":610,"LENGTH":1182.8761850089247},"geometry":{"x":1887.1162000000477,"y":678.18530000001192}},{"attributes":{"OBJECTID":149,"GEO_ID":"H85200001F0510311","BUILDING_ID":"H85200001","FLOOR_ID":"H85200001F05","POI_ID":"H85200001F0510311","NAME":"W74","CATEGORY_ID":25000,"COLOR":5,"ROOMNUM":null,"FLOOR_INDEX":5,"FLOOR_NAME":"F5","ORIG_FID":654,"LENGTH":415.57954996824265},"geometry":{"x":712.3302000015974,"y":892.81030000001192}},{"attributes":{"OBJECTID":150,"GEO_ID":"H85200001F0510310","BUILDING_ID":"H85200001","FLOOR_ID":"H85200001F05","POI_ID":"H85200001F0510310","NAME":"W73","CATEGORY_ID":25000,"COLOR":5,"ROOMNUM":null,"FLOOR_INDEX":5,"FLOOR_NAME":"F5","ORIG_FID":655,"LENGTH":411.93681821476537},"geometry":{"x":712.08720000088215,"y":874.36719999834895}},{"attributes":{"OBJECTID":151,"GEO_ID":"H85200001F0510308","BUILDING_ID":"H85200001","FLOOR_ID":"H85200001F05","POI_ID":"H85200001F0510308","NAME":"W67","CATEGORY_ID":25000,"COLOR":5,"ROOMNUM":null,"FLOOR_INDEX":5,"FLOOR_NAME":"F5","ORIG_FID":656,"LENGTH":332.35846443316035},"geometry":{"x":782.16420000046492,"y":796.71819999814034}},{"attributes":{"OBJECTID":152,"GEO_ID":"H85200001F0510309","BUILDING_ID":"H85200001","FLOOR_ID":"H85200001F05","POI_ID":"H85200001F0510309","NAME":"W72","CATEGORY_ID":25000,"COLOR":5,"ROOMNUM":null,"FLOOR_INDEX":5,"FLOOR_NAME":"F5","ORIG_FID":659,"LENGTH":332.35846450307878},"geometry":{"x":730.21920000016689,"y":848.55629999935627}},{"attributes":{"OBJECTID":153,"GEO_ID":"H85200001F0510307","BUILDING_ID":"H85200001","FLOOR_ID":"H85200001F05","POI_ID":"H85200001F0510307","NAME":"W65","CATEGORY_ID":25000,"COLOR":5,"ROOMNUM":null,"FLOOR_INDEX":5,"FLOOR_NAME":"F5","ORIG_FID":660,"LENGTH":332.35846443311266},"geometry":{"x":829.28319999948144,"y":749.60119999945164}},{"attributes":{"OBJECTID":154,"GEO_ID":"H85200001F0510306","BUILDING_ID":"H85200001","FLOOR_ID":"H85200001F05","POI_ID":"H85200001F0510306","NAME":"W63","CATEGORY_ID":25000,"COLOR":5,"ROOMNUM":null,"FLOOR_INDEX":5,"FLOOR_NAME":"F5","ORIG_FID":661,"LENGTH":332.35846441824907},"geometry":{"x":883.47920000180602,"y":695.58920000120997}},{"attributes":{"OBJECTID":155,"GEO_ID":"H85200001F0510305","BUILDING_ID":"H85200001","FLOOR_ID":"H85200001F05","POI_ID":"H85200001F0510305","NAME":"W61","CATEGORY_ID":25000,"COLOR":5,"ROOMNUM":null,"FLOOR_INDEX":5,"FLOOR_NAME":"F5","ORIG_FID":662,"LENGTH":332.35846458786079},"geometry":{"x":935.29820000007749,"y":643.87220000103116}},{"attributes":{"OBJECTID":156,"GEO_ID":"H85200001F0510281","BUILDING_ID":"H85200001","FLOOR_ID":"H85200001F05","POI_ID":"H85200001F0510281","NAME":"N75","CATEGORY_ID":25000,"COLOR":5,"ROOMNUM":null,"FLOOR_INDEX":5,"FLOOR_NAME":"F5","ORIG_FID":663,"LENGTH":462},"geometry":{"x":765.007199998945,"y":901.6072999984026}},{"attributes":{"OBJECTID":157,"GEO_ID":"H85200001F0510280","BUILDING_ID":"H85200001","FLOOR_ID":"H85200001F05","POI_ID":"H85200001F0510280","NAME":"N66","CATEGORY_ID":25000,"COLOR":5,"ROOMNUM":null,"FLOOR_INDEX":5,"FLOOR_NAME":"F5","ORIG_FID":664,"LENGTH":332.35846450307878},"geometry":{"x":822.73519999906421,"y":850.73620000109076}},{"attributes":{"OBJECTID":158,"GEO_ID":"H85200001F0510279","BUILDING_ID":"H85200001","FLOOR_ID":"H85200001F05","POI_ID":"H85200001F0510279","NAME":"N64","CATEGORY_ID":25000,"COLOR":5,"ROOMNUM":null,"FLOOR_INDEX":5,"FLOOR_NAME":"F5","ORIG_FID":665,"LENGTH":332.35846441824907},"geometry":{"x":883.47019999846816,"y":789.90529999881983}},{"attributes":{"OBJECTID":159,"GEO_ID":"H85200001F0510278","BUILDING_ID":"H85200001","FLOOR_ID":"H85200001F05","POI_ID":"H85200001F0510278","NAME":"N62","CATEGORY_ID":25000,"COLOR":5,"ROOMNUM":null,"FLOOR_INDEX":5,"FLOOR_NAME":"F5","ORIG_FID":666,"LENGTH":332.35846450307878},"geometry":{"x":948.45419999957085,"y":724.76330000162125}},{"attributes":{"OBJECTID":160,"GEO_ID":"H85200001F0510277","BUILDING_ID":"H85200001","FLOOR_ID":"H85200001F05","POI_ID":"H85200001F0510277","NAME":"N60","CATEGORY_ID":25000,"COLOR":5,"ROOMNUM":null,"FLOOR_INDEX":5,"FLOOR_NAME":"F5","ORIG_FID":667,"LENGTH":332.35846450307878},"geometry":{"x":1009.2351999990642,"y":663.93219999969006}},{"attributes":{"OBJECTID":161,"GEO_ID":"H85200001F0510299","BUILDING_ID":"H85200001","FLOOR_ID":"H85200001F05","POI_ID":"H85200001F0510299","NAME":"W40","CATEGORY_ID":25000,"COLOR":5,"ROOMNUM":null,"FLOOR_INDEX":5,"FLOOR_NAME":"F5","ORIG_FID":668,"LENGTH":332.35896551952578},"geometry":{"x":971.4012000001967,"y":472.68930000066757}},{"attributes":{"OBJECTID":162,"GEO_ID":"H85200001F0510300","BUILDING_ID":"H85200001","FLOOR_ID":"H85200001F05","POI_ID":"H85200001F0510300","NAME":"W42","CATEGORY_ID":25000,"COLOR":5,"ROOMNUM":null,"FLOOR_INDEX":5,"FLOOR_NAME":"F5","ORIG_FID":669,"LENGTH":332.35896561942604},"geometry":{"x":917.3711999990046,"y":418.659200001508}},{"attributes":{"OBJECTID":163,"GEO_ID":"H85200001F0510302","BUILDING_ID":"H85200001","FLOOR_ID":"H85200001F05","POI_ID":"H85200001F0510302","NAME":"W46","CATEGORY_ID":25000,"COLOR":5,"ROOMNUM":null,"FLOOR_INDEX":5,"FLOOR_NAME":"F5","ORIG_FID":670,"LENGTH":332.3589654498146},"geometry":{"x":809.40219999849796,"y":310.6913000009954}},{"attributes":{"OBJECTID":164,"GEO_ID":"H85200001F0510301","BUILDING_ID":"H85200001","FLOOR_ID":"H85200001F05","POI_ID":"H85200001F0510301","NAME":"W44","CATEGORY_ID":25000,"COLOR":5,"ROOMNUM":null,"FLOOR_INDEX":5,"FLOOR_NAME":"F5","ORIG_FID":671,"LENGTH":332.35896561942604},"geometry":{"x":863.41420000046492,"y":364.70329999923706}},{"attributes":{"OBJECTID":165,"GEO_ID":"H85200001F0510303","BUILDING_ID":"H85200001","FLOOR_ID":"H85200001F05","POI_ID":"H85200001F0510303","NAME":"W48","CATEGORY_ID":25000,"COLOR":5,"ROOMNUM":null,"FLOOR_INDEX":5,"FLOOR_NAME":"F5","ORIG_FID":672,"LENGTH":332.35896567425544},"geometry":{"x":755.46319999918342,"y":256.75120000168681}},{"attributes":{"OBJECTID":166,"GEO_ID":"H85200001F0510304","BUILDING_ID":"H85200001","FLOOR_ID":"H85200001F05","POI_ID":"H85200001F0510304","NAME":"W50","CATEGORY_ID":25000,"COLOR":5,"ROOMNUM":null,"FLOOR_INDEX":5,"FLOOR_NAME":"F5","ORIG_FID":675,"LENGTH":335},"geometry":{"x":775.37510000169277,"y":220.0887000001967}},{"attributes":{"OBJECTID":167,"GEO_ID":"H85200001F0510297","BUILDING_ID":"H85200001","FLOOR_ID":"H85200001F05","POI_ID":"H85200001F0510297","NAME":"S49","CATEGORY_ID":25000,"COLOR":5,"ROOMNUM":null,"FLOOR_INDEX":5,"FLOOR_NAME":"F5","ORIG_FID":678,"LENGTH":275},"geometry":{"x":793.3302000015974,"y":218.66629999876022}},{"attributes":{"OBJECTID":168,"GEO_ID":"H85200001F0510296","BUILDING_ID":"H85200001","FLOOR_ID":"H85200001F05","POI_ID":"H85200001F0510296","NAME":"S47","CATEGORY_ID":25000,"COLOR":5,"ROOMNUM":null,"FLOOR_INDEX":5,"FLOOR_NAME":"F5","ORIG_FID":679,"LENGTH":332.35896560454427},"geometry":{"x":838.47219999879599,"y":245.50429999828339}},{"attributes":{"OBJECTID":169,"GEO_ID":"H85200001F0510295","BUILDING_ID":"H85200001","FLOOR_ID":"H85200001F05","POI_ID":"H85200001F0510295","NAME":"S45","CATEGORY_ID":25000,"COLOR":5,"ROOMNUM":null,"FLOOR_INDEX":5,"FLOOR_NAME":"F5","ORIG_FID":680,"LENGTH":332.35896553445832},"geometry":{"x":892.24419999867678,"y":299.26619999855757}},{"attributes":{"OBJECTID":170,"GEO_ID":"H85200001F0510294","BUILDING_ID":"H85200001","FLOOR_ID":"H85200001F05","POI_ID":"H85200001F0510294","NAME":"S43","CATEGORY_ID":25000,"COLOR":5,"ROOMNUM":null,"FLOOR_INDEX":5,"FLOOR_NAME":"F5","ORIG_FID":681,"LENGTH":332.35896568913722},"geometry":{"x":946.29120000079274,"y":353.31430000066757}},{"attributes":{"OBJECTID":171,"GEO_ID":"H85200001F0510293","BUILDING_ID":"H85200001","FLOOR_ID":"H85200001F05","POI_ID":"H85200001F0510293","NAME":"S41","CATEGORY_ID":25000,"COLOR":5,"ROOMNUM":null,"FLOOR_INDEX":5,"FLOOR_NAME":"F5","ORIG_FID":682,"LENGTH":332.35896551990055},"geometry":{"x":1000.3251999989152,"y":407.34719999879599}},{"attributes":{"OBJECTID":172,"GEO_ID":"H85200001F0510292","BUILDING_ID":"H85200001","FLOOR_ID":"H85200001F05","POI_ID":"H85200001F0510292","NAME":"S35","CATEGORY_ID":25000,"COLOR":5,"ROOMNUM":null,"FLOOR_INDEX":5,"FLOOR_NAME":"F5","ORIG_FID":683,"LENGTH":295},"geometry":{"x":1117.3302000015974,"y":507.72529999911785}},{"attributes":{"OBJECTID":173,"GEO_ID":"H85200001F0510291","BUILDING_ID":"H85200001","FLOOR_ID":"H85200001F05","POI_ID":"H85200001F0510291","NAME":"S33","CATEGORY_ID":25000,"COLOR":5,"ROOMNUM":null,"FLOOR_INDEX":5,"FLOOR_NAME":"F5","ORIG_FID":686,"LENGTH":300},"geometry":{"x":1189.3302000015974,"y":507.99020000174642}},{"attributes":{"OBJECTID":174,"GEO_ID":"H85200001F0510290","BUILDING_ID":"H85200001","FLOOR_ID":"H85200001F05","POI_ID":"H85200001F0510290","NAME":"S31","CATEGORY_ID":25000,"COLOR":5,"ROOMNUM":null,"FLOOR_INDEX":5,"FLOOR_NAME":"F5","ORIG_FID":689,"LENGTH":300},"geometry":{"x":1261.3302000015974,"y":507.99020000174642}},{"attributes":{"OBJECTID":175,"GEO_ID":"H85200001F0510289","BUILDING_ID":"H85200001","FLOOR_ID":"H85200001F05","POI_ID":"H85200001F0510289","NAME":"S29","CATEGORY_ID":25000,"COLOR":5,"ROOMNUM":null,"FLOOR_INDEX":5,"FLOOR_NAME":"F5","ORIG_FID":692,"LENGTH":300},"geometry":{"x":1333.3302000015974,"y":507.99020000174642}},{"attributes":{"OBJECTID":176,"GEO_ID":"H85200001F0510288","BUILDING_ID":"H85200001","FLOOR_ID":"H85200001F05","POI_ID":"H85200001F0510288","NAME":"S27","CATEGORY_ID":25000,"COLOR":5,"ROOMNUM":null,"FLOOR_INDEX":5,"FLOOR_NAME":"F5","ORIG_FID":694,"LENGTH":300},"geometry":{"x":1432.3302000015974,"y":507.99020000174642}},{"attributes":{"OBJECTID":177,"GEO_ID":"H85200001F0510287","BUILDING_ID":"H85200001","FLOOR_ID":"H85200001F05","POI_ID":"H85200001F0510287","NAME":"S25","CATEGORY_ID":25000,"COLOR":5,"ROOMNUM":null,"FLOOR_INDEX":5,"FLOOR_NAME":"F5","ORIG_FID":697,"LENGTH":300},"geometry":{"x":1504.3302000015974,"y":507.99020000174642}},{"attributes":{"OBJECTID":178,"GEO_ID":"H85200001F0510286","BUILDING_ID":"H85200001","FLOOR_ID":"H85200001F05","POI_ID":"H85200001F0510286","NAME":"S23","CATEGORY_ID":25000,"COLOR":5,"ROOMNUM":null,"FLOOR_INDEX":5,"FLOOR_NAME":"F5","ORIG_FID":700,"LENGTH":300},"geometry":{"x":1576.3302000015974,"y":507.99020000174642}},{"attributes":{"OBJECTID":179,"GEO_ID":"H85200001F0510285","BUILDING_ID":"H85200001","FLOOR_ID":"H85200001F05","POI_ID":"H85200001F0510285","NAME":"S21","CATEGORY_ID":25000,"COLOR":5,"ROOMNUM":null,"FLOOR_INDEX":5,"FLOOR_NAME":"F5","ORIG_FID":703,"LENGTH":295},"geometry":{"x":1675.3302000015974,"y":507.72529999911785}},{"attributes":{"OBJECTID":180,"GEO_ID":"H85200001F0510268","BUILDING_ID":"H85200001","FLOOR_ID":"H85200001F05","POI_ID":"H85200001F0510268","NAME":"N20","CATEGORY_ID":25000,"COLOR":5,"ROOMNUM":null,"FLOOR_INDEX":5,"FLOOR_NAME":"F5","ORIG_FID":704,"LENGTH":329.99880000017583},"geometry":{"x":1677.4481999985874,"y":574.16629999876022}},{"attributes":{"OBJECTID":181,"GEO_ID":"H85200001F0510276","BUILDING_ID":"H85200001","FLOOR_ID":"H85200001F05","POI_ID":"H85200001F0510276","NAME":"N36","CATEGORY_ID":25000,"COLOR":5,"ROOMNUM":null,"FLOOR_INDEX":5,"FLOOR_NAME":"F5","ORIG_FID":706,"LENGTH":299.40600000321865},"geometry":{"x":1117.3282000012696,"y":572.56720000132918}},{"attributes":{"OBJECTID":182,"GEO_ID":"H85200001F0510275","BUILDING_ID":"H85200001","FLOOR_ID":"H85200001F05","POI_ID":"H85200001F0510275","NAME":"N34","CATEGORY_ID":25000,"COLOR":5,"ROOMNUM":null,"FLOOR_INDEX":5,"FLOOR_NAME":"F5","ORIG_FID":708,"LENGTH":299.40600000321865},"geometry":{"x":1189.3282000012696,"y":572.56720000132918}},{"attributes":{"OBJECTID":183,"GEO_ID":"H85200001F0510274","BUILDING_ID":"H85200001","FLOOR_ID":"H85200001F05","POI_ID":"H85200001F0510274","NAME":"N32","CATEGORY_ID":25000,"COLOR":5,"ROOMNUM":null,"FLOOR_INDEX":5,"FLOOR_NAME":"F5","ORIG_FID":709,"LENGTH":299.40600000321865},"geometry":{"x":1261.8572000004351,"y":572.56720000132918}},{"attributes":{"OBJECTID":184,"GEO_ID":"H85200001F0510273","BUILDING_ID":"H85200001","FLOOR_ID":"H85200001F05","POI_ID":"H85200001F0510273","NAME":"N30","CATEGORY_ID":25000,"COLOR":5,"ROOMNUM":null,"FLOOR_INDEX":5,"FLOOR_NAME":"F5","ORIG_FID":710,"LENGTH":299.40600000321865},"geometry":{"x":1333.8572000004351,"y":572.56720000132918}},{"attributes":{"OBJECTID":185,"GEO_ID":"H85200001F0510272","BUILDING_ID":"H85200001","FLOOR_ID":"H85200001F05","POI_ID":"H85200001F0510272","NAME":"N28","CATEGORY_ID":25000,"COLOR":5,"ROOMNUM":null,"FLOOR_INDEX":5,"FLOOR_NAME":"F5","ORIG_FID":711,"LENGTH":299.40600000321865},"geometry":{"x":1414.8572000004351,"y":572.56720000132918}},{"attributes":{"OBJECTID":186,"GEO_ID":"H85200001F0510271","BUILDING_ID":"H85200001","FLOOR_ID":"H85200001F05","POI_ID":"H85200001F0510271","NAME":"N26","CATEGORY_ID":25000,"COLOR":5,"ROOMNUM":null,"FLOOR_INDEX":5,"FLOOR_NAME":"F5","ORIG_FID":712,"LENGTH":299.40600000321865},"geometry":{"x":1486.8572000004351,"y":572.56720000132918}},{"attributes":{"OBJECTID":187,"GEO_ID":"H85200001F0510270","BUILDING_ID":"H85200001","FLOOR_ID":"H85200001F05","POI_ID":"H85200001F0510270","NAME":"N24","CATEGORY_ID":25000,"COLOR":5,"ROOMNUM":null,"FLOOR_INDEX":5,"FLOOR_NAME":"F5","ORIG_FID":713,"LENGTH":299.40600000321865},"geometry":{"x":1558.8572000004351,"y":572.56720000132918}},{"attributes":{"OBJECTID":188,"GEO_ID":"H85200001F0510269","BUILDING_ID":"H85200001","FLOOR_ID":"H85200001F05","POI_ID":"H85200001F0510269","NAME":"N22","CATEGORY_ID":25000,"COLOR":5,"ROOMNUM":null,"FLOOR_INDEX":5,"FLOOR_NAME":"F5","ORIG_FID":714,"LENGTH":300},"geometry":{"x":1630.3302000015974,"y":572.57820000126958}},{"attributes":{"OBJECTID":189,"GEO_ID":"H85200001F0510256","BUILDING_ID":"H85200001","FLOOR_ID":"H85200001F05","POI_ID":"H85200001F0510256","NAME":"E1","CATEGORY_ID":25000,"COLOR":5,"ROOMNUM":null,"FLOOR_INDEX":5,"FLOOR_NAME":"F5","ORIG_FID":715,"LENGTH":236},"geometry":{"x":1800.8011999987066,"y":358.69530000165105}},{"attributes":{"OBJECTID":190,"GEO_ID":"H85200001F0510262","BUILDING_ID":"H85200001","FLOOR_ID":"H85200001F05","POI_ID":"H85200001F0510262","NAME":"E2","CATEGORY_ID":25000,"COLOR":5,"ROOMNUM":null,"FLOOR_INDEX":5,"FLOOR_NAME":"F5","ORIG_FID":716,"LENGTH":236},"geometry":{"x":1800.8011999987066,"y":286.69530000165105}},{"attributes":{"OBJECTID":191,"GEO_ID":"H85200001F0510263","BUILDING_ID":"H85200001","FLOOR_ID":"H85200001F05","POI_ID":"H85200001F0510263","NAME":"E3","CATEGORY_ID":25000,"COLOR":5,"ROOMNUM":null,"FLOOR_INDEX":5,"FLOOR_NAME":"F5","ORIG_FID":717,"LENGTH":236},"geometry":{"x":1800.8011999987066,"y":214.69519999995828}},{"attributes":{"OBJECTID":192,"GEO_ID":"H85200001F0510264","BUILDING_ID":"H85200001","FLOOR_ID":"H85200001F05","POI_ID":"H85200001F0510264","NAME":"E4","CATEGORY_ID":25000,"COLOR":5,"ROOMNUM":null,"FLOOR_INDEX":5,"FLOOR_NAME":"F5","ORIG_FID":718,"LENGTH":255},"geometry":{"x":1843.6832000017166,"y":181.6072999984026}},{"attributes":{"OBJECTID":193,"GEO_ID":"H85200001F0510257","BUILDING_ID":"H85200001","FLOOR_ID":"H85200001F05","POI_ID":"H85200001F0510257","NAME":"E15","CATEGORY_ID":25000,"COLOR":5,"ROOMNUM":null,"FLOOR_INDEX":5,"FLOOR_NAME":"F5","ORIG_FID":720,"LENGTH":295},"geometry":{"x":1800.8011999987066,"y":697.78429999947548}},{"attributes":{"OBJECTID":194,"GEO_ID":"H85200001F0510258","BUILDING_ID":"H85200001","FLOOR_ID":"H85200001F05","POI_ID":"H85200001F0510258","NAME":"E16","CATEGORY_ID":25000,"COLOR":5,"ROOMNUM":null,"FLOOR_INDEX":5,"FLOOR_NAME":"F5","ORIG_FID":722,"LENGTH":236},"geometry":{"x":1800.8011999987066,"y":793.87220000103116}},{"attributes":{"OBJECTID":195,"GEO_ID":"H85200001F0510259","BUILDING_ID":"H85200001","FLOOR_ID":"H85200001F05","POI_ID":"H85200001F0510259","NAME":"E17","CATEGORY_ID":25000,"COLOR":5,"ROOMNUM":null,"FLOOR_INDEX":5,"FLOOR_NAME":"F5","ORIG_FID":724,"LENGTH":236},"geometry":{"x":1800.8011999987066,"y":865.87229999899864}},{"attributes":{"OBJECTID":196,"GEO_ID":"H85200001F0510260","BUILDING_ID":"H85200001","FLOOR_ID":"H85200001F05","POI_ID":"H85200001F0510260","NAME":"E18","CATEGORY_ID":25000,"COLOR":5,"ROOMNUM":null,"FLOOR_INDEX":5,"FLOOR_NAME":"F5","ORIG_FID":725,"LENGTH":255},"geometry":{"x":1825.6832000017166,"y":898.96020000055432}},{"attributes":{"OBJECTID":197,"GEO_ID":"H85200001F0510261","BUILDING_ID":"H85200001","FLOOR_ID":"H85200001F05","POI_ID":"H85200001F0510261","NAME":"E19","CATEGORY_ID":25000,"COLOR":5,"ROOMNUM":null,"FLOOR_INDEX":5,"FLOOR_NAME":"F5","ORIG_FID":726,"LENGTH":255},"geometry":{"x":1843.6832000017166,"y":898.96020000055432}},{"attributes":{"OBJECTID":211,"GEO_ID":"H85200001F0510266","BUILDING_ID":"H85200001","FLOOR_ID":"H85200001F05","POI_ID":"H85200001F0510266","NAME":"Maxim’s Food²","CATEGORY_ID":25000,"COLOR":3,"ROOMNUM":null,"FLOOR_INDEX":5,"FLOOR_NAME":"F5","ORIG_FID":740,"LENGTH":1197},"geometry":{"x":2000.6702000014484,"y":568.67020000144839}},{"attributes":{"OBJECTID":212,"GEO_ID":"H85200001F0510330","BUILDING_ID":"H85200001","FLOOR_ID":"H85200001F05","POI_ID":"H85200001F0510330","NAME":"麦当劳","CATEGORY_ID":25000,"COLOR":3,"ROOMNUM":null,"FLOOR_INDEX":5,"FLOOR_NAME":"F5","ORIG_FID":741,"LENGTH":1119},"geometry":{"x":2000.6532000005245,"y":584.42920000106096}},{"attributes":{"OBJECTID":213,"GEO_ID":"H85200001F0510312","BUILDING_ID":"H85200001","FLOOR_ID":"H85200001F05","POI_ID":"H85200001F0510312","NAME":"翡翠拉面小笼包","CATEGORY_ID":25000,"COLOR":3,"ROOMNUM":null,"FLOOR_INDEX":5,"FLOOR_NAME":"F5","ORIG_FID":742,"LENGTH":1180},"geometry":{"x":2000.5832000002265,"y":511.79830000177026}},{"attributes":{"OBJECTID":214,"GEO_ID":"H85200001F0510339","BUILDING_ID":"H85200001","FLOOR_ID":"H85200001F05","POI_ID":"H85200001F0510339","NAME":"味千拉面","CATEGORY_ID":25000,"COLOR":3,"ROOMNUM":null,"FLOOR_INDEX":5,"FLOOR_NAME":"F5","ORIG_FID":743,"LENGTH":660},"geometry":{"x":1996.4191999994218,"y":495.81320000067353}},{"attributes":{"OBJECTID":215,"GEO_ID":"H85200001F0510341","BUILDING_ID":"H85200001","FLOOR_ID":"H85200001F05","POI_ID":"H85200001F0510341","NAME":"许留山","CATEGORY_ID":25000,"COLOR":3,"ROOMNUM":null,"FLOOR_INDEX":5,"FLOOR_NAME":"F5","ORIG_FID":744,"LENGTH":459},"geometry":{"x":2006.742199998349,"y":496.6072999984026}},{"attributes":{"OBJECTID":225,"GEO_ID":"H85200001F0510335","BUILDING_ID":"H85200001","FLOOR_ID":"H85200001F05","POI_ID":"H85200001F0510335","NAME":"通济隆外币兑换自动汇员机","CATEGORY_ID":25031,"COLOR":3,"ROOMNUM":null,"FLOOR_INDEX":5,"FLOOR_NAME":"F5","ORIG_FID":756,"LENGTH":25},"geometry":{"x":1956.9781999997795,"y":501.37220000103116}},{"attributes":{"OBJECTID":226,"GEO_ID":"H85200001F0510282","BUILDING_ID":"H85200001","FLOOR_ID":"H85200001F05","POI_ID":"H85200001F0510282","NAME":"Nobletime AV & Telecom","CATEGORY_ID":25000,"COLOR":3,"ROOMNUM":null,"FLOOR_INDEX":5,"FLOOR_NAME":"F5","ORIG_FID":758,"LENGTH":62},"geometry":{"x":1955.0051999986172,"y":503.2162000015378}},{"attributes":{"OBJECTID":227,"GEO_ID":"H85200001F0510283","BUILDING_ID":"H85200001","FLOOR_ID":"H85200001F05","POI_ID":"H85200001F0510283","NAME":"Nobletime AV & Telecom","CATEGORY_ID":25000,"COLOR":3,"ROOMNUM":null,"FLOOR_INDEX":5,"FLOOR_NAME":"F5","ORIG_FID":759,"LENGTH":104.18000000715256},"geometry":{"x":1956.0001999996603,"y":507.9142999984324}},{"attributes":{"OBJECTID":230,"GEO_ID":"H85200001F0510247","BUILDING_ID":"H85200001","FLOOR_ID":"H85200001F05","POI_ID":"H85200001F0510247","NAME":"A-1 Bakery","CATEGORY_ID":25000,"COLOR":3,"ROOMNUM":null,"FLOOR_INDEX":5,"FLOOR_NAME":"F5","ORIG_FID":762,"LENGTH":196},"geometry":{"x":1951.4191999994218,"y":515.09930000081658}},{"attributes":{"OBJECTID":231,"GEO_ID":"H85200001F0510329","BUILDING_ID":"H85200001","FLOOR_ID":"H85200001F05","POI_ID":"H85200001F0510329","NAME":"经纬","CATEGORY_ID":25000,"COLOR":3,"ROOMNUM":null,"FLOOR_INDEX":5,"FLOOR_NAME":"F5","ORIG_FID":763,"LENGTH":479},"geometry":{"x":1947.3931999988854,"y":519.14519999921322}},{"attributes":{"OBJECTID":233,"GEO_ID":"H85200001F0510337","BUILDING_ID":"H85200001","FLOOR_ID":"H85200001F05","POI_ID":"H85200001F0510337","NAME":"万宁","CATEGORY_ID":25000,"COLOR":3,"ROOMNUM":null,"FLOOR_INDEX":5,"FLOOR_NAME":"F5","ORIG_FID":765,"LENGTH":432},"geometry":{"x":1949.397199999541,"y":526.6152999997139}},{"attributes":{"OBJECTID":234,"GEO_ID":"H85200001F0510246","BUILDING_ID":"H85200001","FLOOR_ID":"H85200001F05","POI_ID":"H85200001F0510246","NAME":"7-Eleven","CATEGORY_ID":25000,"COLOR":3,"ROOMNUM":null,"FLOOR_INDEX":5,"FLOOR_NAME":"F5","ORIG_FID":766,"LENGTH":224},"geometry":{"x":1952.4211999997497,"y":532.64530000090599}},{"attributes":{"OBJECTID":235,"GEO_ID":"H85200001F0510326","BUILDING_ID":"H85200001","FLOOR_ID":"H85200001F05","POI_ID":"H85200001F0510326","NAME":"汇丰","CATEGORY_ID":25000,"COLOR":3,"ROOMNUM":null,"FLOOR_INDEX":5,"FLOOR_NAME":"F5","ORIG_FID":767,"LENGTH":889.97774999588728},"geometry":{"x":1950.9492000006139,"y":549.77219999954104}},{"attributes":{"OBJECTID":241,"GEO_ID":"H85200001F0510248","BUILDING_ID":"H85200001","FLOOR_ID":"H85200001F05","POI_ID":"H85200001F0510248","NAME":"Délifrance","CATEGORY_ID":25000,"COLOR":3,"ROOMNUM":null,"FLOOR_INDEX":5,"FLOOR_NAME":"F5","ORIG_FID":773,"LENGTH":672},"geometry":{"x":1948.3222000002861,"y":561.40720000118017}},{"attributes":{"OBJECTID":242,"GEO_ID":"H85200001F0510265","BUILDING_ID":"H85200001","FLOOR_ID":"H85200001F05","POI_ID":"H85200001F0510265","NAME":"Godiva Chocolatier","CATEGORY_ID":25000,"COLOR":3,"ROOMNUM":null,"FLOOR_INDEX":5,"FLOOR_NAME":"F5","ORIG_FID":774,"LENGTH":70},"geometry":{"x":1954.5951999984682,"y":566.4902999997139}},{"attributes":{"OBJECTID":248,"GEO_ID":"H85200001F0510245","BUILDING_ID":"H85200001","FLOOR_ID":"H85200001F05","POI_ID":"H85200001F0510245","NAME":"1010","CATEGORY_ID":25000,"COLOR":3,"ROOMNUM":null,"FLOOR_INDEX":5,"FLOOR_NAME":"F5","ORIG_FID":781,"LENGTH":143},"geometry":{"x":1955.3891999982297,"y":572.84329999983311}},{"attributes":{"OBJECTID":249,"GEO_ID":"H85200001F0510343","BUILDING_ID":"H85200001","FLOOR_ID":"H85200001F05","POI_ID":"H85200001F0510343","NAME":"優の良品","CATEGORY_ID":25000,"COLOR":3,"ROOMNUM":null,"FLOOR_INDEX":5,"FLOOR_NAME":"F5","ORIG_FID":782,"LENGTH":143},"geometry":{"x":1955.3891999982297,"y":579.72529999911785}},{"attributes":{"OBJECTID":255,"GEO_ID":"H85200001F0510298","BUILDING_ID":"H85200001","FLOOR_ID":"H85200001F05","POI_ID":"H85200001F0510298","NAME":"Starbucks","CATEGORY_ID":25000,"COLOR":3,"ROOMNUM":null,"FLOOR_INDEX":5,"FLOOR_NAME":"F5","ORIG_FID":788,"LENGTH":340},"geometry":{"x":1990.8601999990642,"y":687.99020000174642}},{"attributes":{"OBJECTID":256,"GEO_ID":"H85200001F0510333","BUILDING_ID":"H85200001","FLOOR_ID":"H85200001F05","POI_ID":"H85200001F0510333","NAME":"通济隆外币兑换","CATEGORY_ID":25000,"COLOR":3,"ROOMNUM":null,"FLOOR_INDEX":5,"FLOOR_NAME":"F5","ORIG_FID":789,"LENGTH":119},"geometry":{"x":1956.292199999094,"y":669.50730000063777}},{"attributes":{"OBJECTID":258,"GEO_ID":"H85200001F0510327","BUILDING_ID":"H85200001","FLOOR_ID":"H85200001F05","POI_ID":"H85200001F0510327","NAME":"汇丰理财易中心","CATEGORY_ID":25000,"COLOR":3,"ROOMNUM":null,"FLOOR_INDEX":5,"FLOOR_NAME":"F5","ORIG_FID":791,"LENGTH":528},"geometry":{"x":1950.7391999997199,"y":690.46819999814034}},{"attributes":{"OBJECTID":266,"GEO_ID":"H85200001F0510252","BUILDING_ID":"H85200001","FLOOR_ID":"H85200001F05","POI_ID":"H85200001F0510252","NAME":"DFS Duty Free","CATEGORY_ID":25000,"COLOR":3,"ROOMNUM":null,"FLOOR_INDEX":5,"FLOOR_NAME":"F5","ORIG_FID":799,"LENGTH":110},"geometry":{"x":1812.4481999985874,"y":426.46020000055432}},{"attributes":{"OBJECTID":267,"GEO_ID":"H85200001F0510342","BUILDING_ID":"H85200001","FLOOR_ID":"H85200001F05","POI_ID":"H85200001F0510342","NAME":"一粥面","CATEGORY_ID":25000,"COLOR":3,"ROOMNUM":null,"FLOOR_INDEX":5,"FLOOR_NAME":"F5","ORIG_FID":800,"LENGTH":765.34863325521337},"geometry":{"x":1745.0441999994218,"y":504.9873000010848}},{"attributes":{"OBJECTID":276,"GEO_ID":"H85200001F0510255","BUILDING_ID":"H85200001","FLOOR_ID":"H85200001F05","POI_ID":"H85200001F0510255","NAME":"DFS Galleria","CATEGORY_ID":25000,"COLOR":3,"ROOMNUM":null,"FLOOR_INDEX":5,"FLOOR_NAME":"F5","ORIG_FID":809,"LENGTH":416.37660522281004},"geometry":{"x":1795.9662000015378,"y":513.27820000052452}},{"attributes":{"OBJECTID":277,"GEO_ID":"H85200001F0510250","BUILDING_ID":"H85200001","FLOOR_ID":"H85200001F05","POI_ID":"H85200001F0510250","NAME":"DFS Beauty","CATEGORY_ID":25000,"COLOR":3,"ROOMNUM":null,"FLOOR_INDEX":5,"FLOOR_NAME":"F5","ORIG_FID":810,"LENGTH":191.97570985463534},"geometry":{"x":1804.6752000004053,"y":506.79019999876618}},{"attributes":{"OBJECTID":278,"GEO_ID":"H85200001F0510284","BUILDING_ID":"H85200001","FLOOR_ID":"H85200001F05","POI_ID":"H85200001F0510284","NAME":"Nobletime AV & Telecom","CATEGORY_ID":25000,"COLOR":3,"ROOMNUM":null,"FLOOR_INDEX":5,"FLOOR_NAME":"F5","ORIG_FID":811,"LENGTH":170.93680700478066},"geometry":{"x":1805.3861999996006,"y":513.96629999950528}},{"attributes":{"OBJECTID":279,"GEO_ID":"H85200001F0510334","BUILDING_ID":"H85200001","FLOOR_ID":"H85200001F05","POI_ID":"H85200001F0510334","NAME":"通济隆外币兑换","CATEGORY_ID":25000,"COLOR":3,"ROOMNUM":null,"FLOOR_INDEX":5,"FLOOR_NAME":"F5","ORIG_FID":812,"LENGTH":72.607510657591803},"geometry":{"x":1808.194200001657,"y":519.95719999819994}},{"attributes":{"OBJECTID":285,"GEO_ID":"H85200001F0510253","BUILDING_ID":"H85200001","FLOOR_ID":"H85200001F05","POI_ID":"H85200001F0510253","NAME":"DFS Duty Free","CATEGORY_ID":25000,"COLOR":3,"ROOMNUM":null,"FLOOR_INDEX":5,"FLOOR_NAME":"F5","ORIG_FID":818,"LENGTH":360.08200229782727},"geometry":{"x":1802.194200001657,"y":553.02230000123382}},{"attributes":{"OBJECTID":286,"GEO_ID":"H85200001F0510340","BUILDING_ID":"H85200001","FLOOR_ID":"H85200001F05","POI_ID":"H85200001F0510340","NAME":"仙足","CATEGORY_ID":25000,"COLOR":3,"ROOMNUM":null,"FLOOR_INDEX":5,"FLOOR_NAME":"F5","ORIG_FID":819,"LENGTH":102.28389430632949},"geometry":{"x":1807.429200001061,"y":560.35819999873638}},{"attributes":{"OBJECTID":287,"GEO_ID":"H85200001F0510344","BUILDING_ID":"H85200001","FLOOR_ID":"H85200001F05","POI_ID":"H85200001F0510344","NAME":"優の良品","CATEGORY_ID":25000,"COLOR":3,"ROOMNUM":null,"FLOOR_INDEX":5,"FLOOR_NAME":"F5","ORIG_FID":820,"LENGTH":184.68077753120625},"geometry":{"x":1805.9761999994516,"y":565.54430000111461}},{"attributes":{"OBJECTID":288,"GEO_ID":"H85200001F0510338","BUILDING_ID":"H85200001","FLOOR_ID":"H85200001F05","POI_ID":"H85200001F0510338","NAME":"万宁","CATEGORY_ID":25000,"COLOR":3,"ROOMNUM":null,"FLOOR_INDEX":5,"FLOOR_NAME":"F5","ORIG_FID":821,"LENGTH":301.8240665662168},"geometry":{"x":1802.4512000009418,"y":573.43730000033975}},{"attributes":{"OBJECTID":289,"GEO_ID":"H85200001F0510254","BUILDING_ID":"H85200001","FLOOR_ID":"H85200001F05","POI_ID":"H85200001F0510254","NAME":"DFS Duty Free","CATEGORY_ID":25000,"COLOR":3,"ROOMNUM":null,"FLOOR_INDEX":5,"FLOOR_NAME":"F5","ORIG_FID":822,"LENGTH":100},"geometry":{"x":1812.7131999991834,"y":648.81320000067353}},{"attributes":{"OBJECTID":290,"GEO_ID":"H85200001F0510332","BUILDING_ID":"H85200001","FLOOR_ID":"H85200001F05","POI_ID":"H85200001F0510332","NAME":"太平洋咖啡","CATEGORY_ID":25000,"COLOR":3,"ROOMNUM":null,"FLOOR_INDEX":5,"FLOOR_NAME":"F5","ORIG_FID":823,"LENGTH":529.47916391451895},"geometry":{"x":1746.867199998349,"y":577.98119999840856}},{"attributes":{"OBJECTID":291,"GEO_ID":"H85200001F0510267","BUILDING_ID":"H85200001","FLOOR_ID":"H85200001F05","POI_ID":"H85200001F0510267","NAME":"Misocool","CATEGORY_ID":25000,"COLOR":3,"ROOMNUM":null,"FLOOR_INDEX":5,"FLOOR_NAME":"F5","ORIG_FID":824,"LENGTH":314.96926526593552},"geometry":{"x":1740.1622000001371,"y":570.62929999828339}}]}