{
    "MapInfo": [
                {
                "cityID":"H852",
                "buildingID":"H85200001",
                "mapID":"H85200001F01",
                "floorName":"F1",
                "floorIndex":"1",
                "size_x":"1416.518",
                "size_y":"83.873",
                "xmax":"2080.117",
                "xmin":"663.599",
                "ymax":"963.575",
                "ymin":"127.490"
                },
                
                {
                "cityID":"H852",
                "buildingID":"H85200001",
                "mapID":"H85200001F04",
                "floorName":"F4 出发层",
                "floorIndex":"4",
                "size_x":"1214.44",
                "size_y":"836.085",
                "xmax":"1891.398",
                "xmin":"676.958",
                "ymax":"963.575",
                "ymin":"127.490"
                },
                {
                "cityID":"H852",
                "buildingID":"H85200001",
                "mapID":"H85200001F05",
                "floorName":"F5 到达层",
                "floorIndex":"5",
                "size_x":"1429.185",
                "size_y":"836.085",
                "xmax":"2106.143",
                "xmin":"676.958",
                "ymax":"963.575",
                "ymin":"127.490"
                },
                {
                "cityID":"H852",
                "buildingID":"H85200001",
                "mapID":"H85200001F06",
                "floorName":"F6 出发层",
                "floorIndex":"6",
                "size_x":"1214.44",
                "size_y":"836.085",
                "xmax":"1891.398",
                "xmin":"676.958",
                "ymax":"963.575",
                "ymin":"127.490"
                },
                {
                "cityID":"H852",
                "buildingID":"H85200001",
                "mapID":"H85200001F07",
                "floorName":"F7出发层/港铁L6",
                "floorIndex":"7",
                "size_x":"1429.185",
                "size_y":"836.085",
                "xmax":"2106.143",
                "xmin":"676.958",
                "ymax":"963.575",
                "ymin":"127.490"
                },
                {
                "cityID":"H852",
                "buildingID":"H85200001",
                "mapID":"H85200001F08",
                "floorName":"F8 夹层",
                "floorIndex":"8",
                "size_x":"290.139",
                "size_y":"521.231",
                "xmax":"2102.602",
                "xmin":"1812.463",
                "ymax":"801.198",
                "ymin":"279.967"
                }
                
                ]
    
}